path,chars
index.html,2209
services/index.html,2006
services/swedish-massage/index.html,2329
services/aroma-therapy/index.html,2374
services/deep-tissue/index.html,2358
services/thai-massage/index.html,2360
services/sports-massage/index.html,2393
services/lymph-massage/index.html,2369
areas/seoul/index.html,2222
areas/gyeonggi/index.html,2341
areas/incheon/index.html,2150
areas/busan/index.html,2174
areas/daegu/index.html,2139
areas/gwangju/index.html,2130
areas/daejeon/index.html,2122
areas/ulsan/index.html,2117
areas/sejong/index.html,2098
areas/gangwon/index.html,2158
areas/chungcheong/index.html,2197
areas/jeolla/index.html,2233
areas/gyeongsang/index.html,2271
areas/jeju/index.html,2119
areas/seoul/gangnam-gu/index.html,2079
areas/seoul/seocho-gu/index.html,2085
areas/seoul/songpa-gu/index.html,2085
areas/seoul/gangdong-gu/index.html,2079
areas/seoul/mapo-gu/index.html,2085
areas/seoul/yongsan-gu/index.html,2093
areas/seoul/jung-gu/index.html,2080
areas/seoul/jongno-gu/index.html,2103
areas/seoul/seongdong-gu/index.html,2086
areas/seoul/gwangjin-gu/index.html,2085
areas/seoul/dongdaemun-gu/index.html,2104
areas/seoul/jungnang-gu/index.html,2075
areas/seoul/seongbuk-gu/index.html,2085
areas/seoul/gangbuk-gu/index.html,2077
areas/seoul/dobong-gu/index.html,2073
areas/seoul/nowon-gu/index.html,2063
areas/seoul/eunpyeong-gu/index.html,2083
areas/seoul/seodaemun-gu/index.html,2101
areas/seoul/yangcheon-gu/index.html,2078
areas/seoul/gangseo-gu/index.html,2085
areas/seoul/guro-gu/index.html,2124
areas/seoul/geumcheon-gu/index.html,2085
areas/seoul/yeongdeungpo-gu/index.html,2112
areas/seoul/dongjak-gu/index.html,2080
areas/seoul/gwanak-gu/index.html,2110
areas/gyeonggi/suwon-si/index.html,2098
areas/gyeonggi/suwon-jangan-gu/index.html,2121
areas/gyeonggi/suwon-gwonseon-gu/index.html,2125
areas/gyeonggi/suwon-paldal-gu/index.html,2112
areas/gyeonggi/suwon-yeongtong-gu/index.html,2106
areas/gyeonggi/seongnam-si/index.html,2089
areas/gyeonggi/seongnam-sujeong-gu/index.html,2106
areas/gyeonggi/seongnam-jungwon-gu/index.html,2116
areas/gyeonggi/seongnam-bundang-gu/index.html,2112
areas/gyeonggi/uijeongbu-si/index.html,2119
areas/gyeonggi/anyang-si/index.html,2101
areas/gyeonggi/anyang-manan-gu/index.html,2107
areas/gyeonggi/anyang-dongan-gu/index.html,2100
areas/gyeonggi/bucheon-si/index.html,2083
areas/gyeonggi/bucheon-wonmi-gu/index.html,2109
areas/gyeonggi/bucheon-sosa-gu/index.html,2110
areas/gyeonggi/bucheon-ojeong-gu/index.html,2097
areas/gyeonggi/gwangmyeong-si/index.html,2074
areas/gyeonggi/pyeongtaek-si/index.html,2097
areas/gyeonggi/dongducheon-si/index.html,2096
areas/gyeonggi/ansan-si/index.html,2092
areas/gyeonggi/ansan-sangnok-gu/index.html,2119
areas/gyeonggi/ansan-danwon-gu/index.html,2117
areas/gyeonggi/goyang-si/index.html,2105
areas/gyeonggi/goyang-deogyang-gu/index.html,2103
areas/gyeonggi/goyang-ilsandong-gu/index.html,2123
areas/gyeonggi/goyang-ilsanseo-gu/index.html,2114
areas/gyeonggi/gwacheon-si/index.html,2111
areas/gyeonggi/guri-si/index.html,2077
areas/gyeonggi/namyangju-si/index.html,2096
areas/gyeonggi/osan-si/index.html,2081
areas/gyeonggi/siheung-si/index.html,2074
areas/gyeonggi/gunpo-si/index.html,2083
areas/gyeonggi/uiwang-si/index.html,2080
areas/gyeonggi/hanam-si/index.html,2083
areas/gyeonggi/yongin-si/index.html,2092
areas/gyeonggi/yongin-cheoin-gu/index.html,2101
areas/gyeonggi/yongin-giheung-gu/index.html,2103
areas/gyeonggi/yongin-suji-gu/index.html,2101
areas/gyeonggi/paju-si/index.html,2086
areas/gyeonggi/icheon-si/index.html,2080
areas/gyeonggi/anseong-si/index.html,2077
areas/gyeonggi/gimpo-si/index.html,2068
areas/gyeonggi/hwaseong-si/index.html,2071
areas/gyeonggi/gwangju-si/index.html,2078
areas/gyeonggi/yangju-si/index.html,2065
areas/gyeonggi/pocheon-si/index.html,2071
areas/gyeonggi/yeoju-si/index.html,2075
areas/gyeonggi/yeoncheon-gun/index.html,2077
areas/gyeonggi/gapyeong-gun/index.html,2096
areas/gyeonggi/yangpyeong-gun/index.html,2297
areas/jeolla/jeonju-wansan-gu/index.html,2102
areas/jeolla/jeonju-deokjin-gu/index.html,2102
areas/jeolla/gunsan-si/index.html,2069
areas/jeolla/iksan-si/index.html,2068
areas/jeolla/jeongeup-si/index.html,2072
areas/jeolla/namwon-si/index.html,2062
areas/jeolla/gimje-si/index.html,2071
areas/jeolla/wanju-gun/index.html,2068
areas/jeolla/jinan-gun/index.html,2069
areas/jeolla/muju-gun/index.html,2066
areas/jeolla/jangsu-gun/index.html,2075
areas/jeolla/imsil-gun/index.html,2075
areas/jeolla/sunchang-gun/index.html,2069
areas/jeolla/gochang-gun/index.html,2076
areas/jeolla/buan-gun/index.html,2069
areas/jeolla/mokpo-si/index.html,2067
areas/jeolla/yeosu-si/index.html,2071
areas/jeolla/suncheon-si/index.html,2068
areas/jeolla/naju-si/index.html,2069
areas/jeolla/gwangyang-si/index.html,2069
areas/jeolla/damyang-gun/index.html,2104
areas/jeolla/gokseong-gun/index.html,2072
areas/jeolla/gurye-gun/index.html,2066
areas/jeolla/goheung-gun/index.html,2069
areas/jeolla/boseong-gun/index.html,2069
areas/jeolla/hwasun-gun/index.html,2072
areas/jeolla/jangheung-gun/index.html,2060
areas/jeolla/gangjin-gun/index.html,2072
areas/jeolla/haenam-gun/index.html,2072
areas/jeolla/yeongam-gun/index.html,2072
areas/jeolla/muan-gun/index.html,2072
areas/jeolla/hampyeong-gun/index.html,2087
areas/jeolla/yeonggwang-gun/index.html,2075
areas/jeolla/jangseong-gun/index.html,2066
areas/jeolla/wando-gun/index.html,2084
areas/jeolla/jindo-gun/index.html,2072
areas/jeolla/sinan-gun/index.html,2275
areas/gyeongsang/pohang-nam-gu/index.html,2075
areas/gyeongsang/pohang-buk-gu/index.html,2079
areas/gyeongsang/gyeongju-si/index.html,2082
areas/gyeongsang/gimcheon-si/index.html,2088
areas/gyeongsang/andong-si/index.html,2068
areas/gyeongsang/gumi-si/index.html,2071
areas/gyeongsang/yeongju-si/index.html,2072
areas/gyeongsang/yeongcheon-si/index.html,2071
areas/gyeongsang/sangju-si/index.html,2065
areas/gyeongsang/mungyeong-si/index.html,2066
areas/gyeongsang/gyeongsan-si/index.html,2065
areas/gyeongsang/uiseong-gun/index.html,2075
areas/gyeongsang/cheongsong-gun/index.html,2079
areas/gyeongsang/yeongyang-gun/index.html,2069
areas/gyeongsang/yeongdeok-gun/index.html,2072
areas/gyeongsang/cheongdo-gun/index.html,2075
areas/gyeongsang/goryeong-gun/index.html,2073
areas/gyeongsang/seongju-gun/index.html,2075
areas/gyeongsang/chilgok-gun/index.html,2074
areas/gyeongsang/yecheon-gun/index.html,2072
areas/gyeongsang/bonghwa-gun/index.html,2072
areas/gyeongsang/uljin-gun/index.html,2072
areas/gyeongsang/ulleung-gun/index.html,2084
areas/gyeongsang/changwon-si/index.html,2077
areas/gyeongsang/changwon-uichang-gu/index.html,2091
areas/gyeongsang/changwon-seongsan-gu/index.html,2100
areas/gyeongsang/masanhappo-gu/index.html,2091
areas/gyeongsang/masanhoewon-gu/index.html,2085
areas/gyeongsang/jinhae-gu/index.html,2074
areas/gyeongsang/jinju-si/index.html,2069
areas/gyeongsang/tongyeong-si/index.html,2059
areas/gyeongsang/sacheon-si/index.html,2079
areas/gyeongsang/gimhae-si/index.html,2065
areas/gyeongsang/miryang-si/index.html,2062
areas/gyeongsang/geoje-si/index.html,2074
areas/gyeongsang/yangsan-si/index.html,2074
areas/gyeongsang/uiryeong-gun/index.html,2075
areas/gyeongsang/haman-gun/index.html,2071
areas/gyeongsang/changnyeong-gun/index.html,2069
areas/gyeongsang/goseong-gun-gn/index.html,2075
areas/gyeongsang/namhae-gun/index.html,2072
areas/gyeongsang/hadong-gun/index.html,2075
areas/gyeongsang/sancheong-gun/index.html,2066
areas/gyeongsang/hamyang-gun/index.html,2075
areas/gyeongsang/geochang-gun/index.html,2072
areas/gyeongsang/hapcheon-gun/index.html,2072
areas/jeju/jeju-si/index.html,2080
areas/jeju/seogwipo-si/index.html,2307
areas/incheon/incheon-dong-gu/index.html,2087
areas/incheon/michuhol-gu/index.html,2078
areas/incheon/yeonsu-gu/index.html,2095
areas/incheon/namdong-gu/index.html,2080
areas/incheon/bupyeong-gu/index.html,2102
areas/incheon/gyeyang-gu/index.html,2071
areas/incheon/seo-gu/index.html,2052
areas/incheon/ganghwa-gun/index.html,2075
areas/incheon/ongjin-gun/index.html,2083
areas/busan/busan-jung-gu/index.html,2075
areas/busan/busan-seo-gu/index.html,2104
areas/busan/busan-dong-gu/index.html,2085
areas/busan/yeongdo-gu/index.html,2068
areas/busan/busanjin-gu/index.html,2096
areas/busan/dongnae-gu/index.html,2065
areas/busan/busan-nam-gu/index.html,2081
areas/busan/busan-buk-gu/index.html,2072
areas/busan/haeundae-gu/index.html,2121
areas/busan/saha-gu/index.html,2068
areas/busan/geumjeong-gu/index.html,2066
areas/busan/busan-gangseo-gu/index.html,2085
areas/busan/yeonje-gu/index.html,2074
areas/busan/suyeong-gu/index.html,2077
areas/busan/sasang-gu/index.html,2062
areas/busan/gijang-gun/index.html,2279
areas/daegu/daegu-dong-gu/index.html,2121
areas/daegu/daegu-seo-gu/index.html,2084
areas/daegu/daegu-nam-gu/index.html,2093
areas/daegu/daegu-buk-gu/index.html,2078
areas/daegu/suseong-gu/index.html,2087
areas/daegu/dalseo-gu/index.html,2062
areas/daegu/dalseong-gun/index.html,2068
areas/daegu/gunwi-gun/index.html,2081
areas/gwangju/gwangju-dong-gu/index.html,2079
areas/gwangju/gwangju-seo-gu/index.html,2081
areas/gwangju/gwangju-nam-gu/index.html,2087
areas/gwangju/gwangju-buk-gu/index.html,2081
areas/gwangju/gwangsan-gu/index.html,2068
areas/daejeon/daejeon-dong-gu/index.html,2091
areas/daejeon/daejeon-jung-gu/index.html,2075
areas/daejeon/daejeon-seo-gu/index.html,2072
areas/daejeon/yuseong-gu/index.html,2065
areas/daejeon/daedeok-gu/index.html,2075
areas/ulsan/ulsan-jung-gu/index.html,2075
areas/ulsan/ulsan-nam-gu/index.html,2090
areas/ulsan/ulsan-dong-gu/index.html,2087
areas/ulsan/ulsan-buk-gu/index.html,2081
areas/ulsan/ulju-gun/index.html,2086
areas/sejong/sejong-si/index.html,2285
areas/gangwon/wonju-si/index.html,2082
areas/gangwon/gangneung-si/index.html,2075
areas/gangwon/donghae-si/index.html,2059
areas/gangwon/taebaek-si/index.html,2068
areas/gangwon/sokcho-si/index.html,2062
areas/gangwon/samcheok-si/index.html,2059
areas/gangwon/hongcheon-gun/index.html,2069
areas/gangwon/hoengseong-gun/index.html,2063
areas/gangwon/yeongwol-gun/index.html,2079
areas/gangwon/pyeongchang-gun/index.html,2069
areas/gangwon/jeongseon-gun/index.html,2069
areas/gangwon/cheorwon-gun/index.html,2068
areas/gangwon/hwacheon-gun/index.html,2078
areas/gangwon/yanggu-gun/index.html,2096
areas/gangwon/inje-gun/index.html,2069
areas/gangwon/goseong-gun-gw/index.html,2065
areas/gangwon/yangyang-gun/index.html,2291
areas/chungcheong/cheongju-sangdang-gu/index.html,2094
areas/chungcheong/cheongju-seowon-gu/index.html,2097
areas/chungcheong/cheongju-heungdeok-gu/index.html,2097
areas/chungcheong/cheongju-cheongwon-gu/index.html,2091
areas/chungcheong/chungju-si/index.html,2066
areas/chungcheong/jecheon-si/index.html,2078
areas/chungcheong/boeun-gun/index.html,2079
areas/chungcheong/okcheon-gun/index.html,2072
areas/chungcheong/yeongdong-gun/index.html,2079
areas/chungcheong/jeungpyeong-gun/index.html,2060
areas/chungcheong/jincheon-gun/index.html,2090
areas/chungcheong/goesan-gun/index.html,2069
areas/chungcheong/eumseong-gun/index.html,2075
areas/chungcheong/danyang-gun/index.html,2069
areas/chungcheong/cheonan-si/index.html,2086
areas/chungcheong/cheonan-dongnam-gu/index.html,2085
areas/chungcheong/cheonan-seobuk-gu/index.html,2079
areas/chungcheong/gongju-si/index.html,2062
areas/chungcheong/boryeong-si/index.html,2069
areas/chungcheong/asan-si/index.html,2065
areas/chungcheong/seosan-si/index.html,2062
areas/chungcheong/nonsan-si/index.html,2065
areas/chungcheong/gyeryong-si/index.html,2078
areas/chungcheong/dangjin-si/index.html,2069
areas/chungcheong/geumsan-gun/index.html,2072
areas/chungcheong/buyeo-gun/index.html,2075
areas/chungcheong/seocheon-gun/index.html,2069
areas/chungcheong/cheongyang-gun/index.html,2075
areas/chungcheong/hongseong-gun/index.html,2072
areas/chungcheong/yesan-gun/index.html,2072
areas/chungcheong/taean-gun/index.html,2069
