"regionSlug","sido","sgg","dong","sources","code","fullName"
"busan","부산광역시","강서구","가덕도동","가덕도동","2644058000","부산광역시 강서구 가덕도동"
"busan","부산광역시","강서구","가락동","가락동","2644055000","부산광역시 강서구 가락동"
"busan","부산광역시","강서구","강동동","강동동","2644053000","부산광역시 강서구 강동동"
"busan","부산광역시","강서구","녹산동","녹산동","2644056000","부산광역시 강서구 녹산동"
"busan","부산광역시","강서구","대저동","대저1동, 대저2동","2644051000","부산광역시 강서구 대저1동"
"busan","부산광역시","강서구","명지동","명지1동, 명지2동","2644053500","부산광역시 강서구 명지1동"
"busan","부산광역시","강서구","신호동","신호동","2644059000","부산광역시 강서구 신호동"
"busan","부산광역시","금정구","구서동","구서1동, 구서2동","2641068000","부산광역시 금정구 구서1동"
"busan","부산광역시","금정구","금사회동동","금사회동동","2641055500","부산광역시 금정구 금사회동동"
"busan","부산광역시","금정구","금성동","금성동","2641070000","부산광역시 금정구 금성동"
"busan","부산광역시","금정구","남산동","남산동","2641067000","부산광역시 금정구 남산동"
"busan","부산광역시","금정구","부곡동","부곡1동, 부곡2동, 부곡3동, 부곡4동","2641057000","부산광역시 금정구 부곡1동"
"busan","부산광역시","금정구","서동","서1동, 서2동, 서3동","2641051000","부산광역시 금정구 서1동"
"busan","부산광역시","금정구","선두구동","선두구동","2641063500","부산광역시 금정구 선두구동"
"busan","부산광역시","금정구","장전동","장전1동, 장전2동","2641060000","부산광역시 금정구 장전1동"
"busan","부산광역시","금정구","청룡노포동","청룡노포동","2641066500","부산광역시 금정구 청룡노포동"
"busan","부산광역시","남구","감만동","감만1동, 감만2동","2629062000","부산광역시 남구 감만1동"
"busan","부산광역시","남구","대연동","대연1동, 대연3동, 대연4동, 대연5동, 대연6동","2629051000","부산광역시 남구 대연1동"
"busan","부산광역시","남구","문현동","문현1동, 문현2동, 문현3동, 문현4동","2629068000","부산광역시 남구 문현1동"
"busan","부산광역시","남구","용당동","용당동","2629061000","부산광역시 남구 용당동"
"busan","부산광역시","남구","용호동","용호1동, 용호2동, 용호3동, 용호4동","2629057000","부산광역시 남구 용호1동"
"busan","부산광역시","남구","우암동","우암동","2629064500","부산광역시 남구 우암동"
"busan","부산광역시","동구","범일동","범일1동, 범일2동, 범일5동","2617065000","부산광역시 동구 범일1동"
"busan","부산광역시","동구","수정동","수정1동, 수정2동, 수정4동, 수정5동","2617056000","부산광역시 동구 수정1동"
"busan","부산광역시","동구","좌천동","좌천동","2617064500","부산광역시 동구 좌천동"
"busan","부산광역시","동구","초량동","초량1동, 초량2동, 초량3동, 초량6동","2617051000","부산광역시 동구 초량1동"
"busan","부산광역시","동래구","명륜동","명륜동","2626054500","부산광역시 동래구 명륜동"
"busan","부산광역시","동래구","명장동","명장1동, 명장2동","2626076100","부산광역시 동래구 명장1동"
"busan","부산광역시","동래구","복산동","복산동","2626052000","부산광역시 동래구 복산동"
"busan","부산광역시","동래구","사직동","사직1동, 사직2동, 사직3동","2626058000","부산광역시 동래구 사직1동"
"busan","부산광역시","동래구","수민동","수민동","2626051000","부산광역시 동래구 수민동"
"busan","부산광역시","동래구","안락동","안락1동, 안락2동","2626074000","부산광역시 동래구 안락1동"
"busan","부산광역시","동래구","온천동","온천1동, 온천2동, 온천3동","2626055000","부산광역시 동래구 온천1동"
"busan","부산광역시","부산진구","가야동","가야2동, 가야제1동","2623071000","부산광역시 부산진구 가야제1동"
"busan","부산광역시","부산진구","개금동","개금1동, 개금2동, 개금3동","2623074000","부산광역시 부산진구 개금1동"
"busan","부산광역시","부산진구","당감동","당감1동, 당감2동, 당감4동","2623067000","부산광역시 부산진구 당감1동"
"busan","부산광역시","부산진구","범천동","범천1동, 범천2동","2623077000","부산광역시 부산진구 범천1동"
"busan","부산광역시","부산진구","부암동","부암1동, 부암3동","2623064000","부산광역시 부산진구 부암1동"
"busan","부산광역시","부산진구","부전동","부전1동, 부전2동","2623051000","부산광역시 부산진구 부전1동"
"busan","부산광역시","부산진구","양정동","양정1동, 양정2동","2623056000","부산광역시 부산진구 양정1동"
"busan","부산광역시","부산진구","연지동","연지동","2623054000","부산광역시 부산진구 연지동"
"busan","부산광역시","부산진구","전포동","전포1동, 전포2동","2623060000","부산광역시 부산진구 전포1동"
"busan","부산광역시","부산진구","초읍동","초읍동","2623055000","부산광역시 부산진구 초읍동"
"busan","부산광역시","북구","구포동","구포1동, 구포2동, 구포3동","2632051000","부산광역시 북구 구포1동"
"busan","부산광역시","북구","금곡동","금곡동","2632053000","부산광역시 북구 금곡동"
"busan","부산광역시","북구","덕천동","덕천1동, 덕천2동, 덕천3동","2632055000","부산광역시 북구 덕천1동"
"busan","부산광역시","북구","만덕동","만덕1동, 만덕2동, 만덕3동","2632057100","부산광역시 북구 만덕1동"
"busan","부산광역시","북구","화명동","화명1동, 화명2동, 화명3동","2632054100","부산광역시 북구 화명1동"
"busan","부산광역시","사상구","감전동","감전동","2653064500","부산광역시 사상구 감전동"
"busan","부산광역시","사상구","괘법동","괘법동","2653062000","부산광역시 사상구 괘법동"
"busan","부산광역시","사상구","덕포동","덕포1동, 덕포2동","2653060000","부산광역시 사상구 덕포1동"
"busan","부산광역시","사상구","모라동","모라1동, 모라3동","2653059100","부산광역시 사상구 모라1동"
"busan","부산광역시","사상구","삼락동","삼락동","2653058000","부산광역시 사상구 삼락동"
"busan","부산광역시","사상구","엄궁동","엄궁동","2653068000","부산광역시 사상구 엄궁동"
"busan","부산광역시","사상구","주례동","주례1동, 주례2동, 주례3동","2653065000","부산광역시 사상구 주례1동"
"busan","부산광역시","사상구","학장동","학장동","2653067000","부산광역시 사상구 학장동"
"busan","부산광역시","사하구","감천동","감천1동, 감천2동","2638062000","부산광역시 사하구 감천1동"
"busan","부산광역시","사하구","괴정동","괴정1동, 괴정2동, 괴정3동, 괴정4동","2638051000","부산광역시 사하구 괴정1동"
"busan","부산광역시","사하구","구평동","구평동","2638061000","부산광역시 사하구 구평동"
"busan","부산광역시","사하구","다대동","다대1동, 다대2동","2638060100","부산광역시 사하구 다대1동"
"busan","부산광역시","사하구","당리동","당리동","2638055000","부산광역시 사하구 당리동"
"busan","부산광역시","사하구","신평동","신평1동, 신평2동","2638057100","부산광역시 사하구 신평1동"
"busan","부산광역시","사하구","장림동","장림1동, 장림2동","2638058000","부산광역시 사하구 장림1동"
"busan","부산광역시","사하구","하단동","하단1동, 하단2동","2638056100","부산광역시 사하구 하단1동"
"busan","부산광역시","서구","남부민동","남부민1동, 남부민2동","2614065000","부산광역시 서구 남부민1동"
"busan","부산광역시","서구","동대신동","동대신1동, 동대신2동, 동대신3동","2614051000","부산광역시 서구 동대신1동"
"busan","부산광역시","서구","부민동","부민동","2614059000","부산광역시 서구 부민동"
"busan","부산광역시","서구","서대신동","서대신1동, 서대신3동, 서대신4동","2614054000","부산광역시 서구 서대신1동"
"busan","부산광역시","서구","아미동","아미동","2614061500","부산광역시 서구 아미동"
"busan","부산광역시","서구","암남동","암남동","2614068000","부산광역시 서구 암남동"
"busan","부산광역시","서구","초장동","초장동","2614063000","부산광역시 서구 초장동"
"busan","부산광역시","서구","충무동","충무동","2614064000","부산광역시 서구 충무동"
"busan","부산광역시","수영구","광안동","광안1동, 광안2동, 광안3동, 광안4동","2650076000","부산광역시 수영구 광안1동"
"busan","부산광역시","수영구","남천동","남천1동, 남천2동","2650066000","부산광역시 수영구 남천1동"
"busan","부산광역시","수영구","망미동","망미1동, 망미2동","2650074000","부산광역시 수영구 망미1동"
"busan","부산광역시","수영구","민락동","민락동","2650080000","부산광역시 수영구 민락동"
"busan","부산광역시","수영구","수영동","수영동","2650073000","부산광역시 수영구 수영동"
"busan","부산광역시","연제구","거동","거제1동, 거제2동, 거제3동, 거제4동","2647061000","부산광역시 연제구 거제1동"
"busan","부산광역시","연제구","연산동","연산1동, 연산2동, 연산3동, 연산4동, 연산5동, 연산6동, 연산8동, 연산9동","2647065000","부산광역시 연제구 연산1동"
"busan","부산광역시","영도구","남항동","남항동","2620053000","부산광역시 영도구 남항동"
"busan","부산광역시","영도구","동삼동","동삼1동, 동삼2동, 동삼3동","2620065000","부산광역시 영도구 동삼1동"
"busan","부산광역시","영도구","봉래동","봉래1동, 봉래2동","2620059000","부산광역시 영도구 봉래1동"
"busan","부산광역시","영도구","신선동","신선동","2620058500","부산광역시 영도구 신선동"
"busan","부산광역시","영도구","영선동","영선1동, 영선2동","2620054000","부산광역시 영도구 영선1동"
"busan","부산광역시","영도구","청학동","청학1동, 청학2동","2620063000","부산광역시 영도구 청학1동"
"busan","부산광역시","중구","광복동","광복동","2611057000","부산광역시 중구 광복동"
"busan","부산광역시","중구","남포동","남포동","2611058000","부산광역시 중구 남포동"
"busan","부산광역시","중구","대청동","대청동","2611053000","부산광역시 중구 대청동"
"busan","부산광역시","중구","동광동","동광동","2611052000","부산광역시 중구 동광동"
"busan","부산광역시","중구","보수동","보수동","2611054500","부산광역시 중구 보수동"
"busan","부산광역시","중구","부평동","부평동","2611056000","부산광역시 중구 부평동"
"busan","부산광역시","중구","영주동","영주1동, 영주2동","2611059000","부산광역시 중구 영주1동"
"busan","부산광역시","중구","중앙동","중앙동","2611051000","부산광역시 중구 중앙동"
"busan","부산광역시","해운대구","반송동","반송1동, 반송2동","2635061000","부산광역시 해운대구 반송1동"
"busan","부산광역시","해운대구","반여동","반여1동, 반여2동, 반여3동, 반여4동","2635057000","부산광역시 해운대구 반여1동"
"busan","부산광역시","해운대구","송정동","송정동","2635056000","부산광역시 해운대구 송정동"
"busan","부산광역시","해운대구","우동","우1동, 우2동, 우3동","2635051000","부산광역시 해운대구 우1동"
"busan","부산광역시","해운대구","재송동","재송1동, 재송2동","2635065000","부산광역시 해운대구 재송1동"
"busan","부산광역시","해운대구","좌동","좌1동, 좌2동, 좌3동, 좌4동","2635055100","부산광역시 해운대구 좌1동"
"busan","부산광역시","해운대구","중동","중1동, 중2동","2635053000","부산광역시 해운대구 중1동"
"gyeonggi","경기도","고양시덕양구","고양동","고양동","4128159000","경기도 고양시덕양구 고양동"
"gyeonggi","경기도","고양시덕양구","관산동","관산동","4128160000","경기도 고양시덕양구 관산동"
"gyeonggi","경기도","고양시덕양구","능곡동","능곡동","4128161000","경기도 고양시덕양구 능곡동"
"gyeonggi","경기도","고양시덕양구","대덕동","대덕동","4128167000","경기도 고양시덕양구 대덕동"
"gyeonggi","경기도","고양시덕양구","삼송동","삼송1동, 삼송2동","4128157600","경기도 고양시덕양구 삼송1동"
"gyeonggi","경기도","고양시덕양구","성사동","성사1동, 성사2동","4128154000","경기도 고양시덕양구 성사1동"
"gyeonggi","경기도","고양시덕양구","원신동","원신동","4128152000","경기도 고양시덕양구 원신동"
"gyeonggi","경기도","고양시덕양구","주교동","주교동","4128151000","경기도 고양시덕양구 주교동"
"gyeonggi","경기도","고양시덕양구","창릉동","창릉동","4128158000","경기도 고양시덕양구 창릉동"
"gyeonggi","경기도","고양시덕양구","행신동","행신1동, 행신2동, 행신3동, 행신4동","4128164000","경기도 고양시덕양구 행신1동"
"gyeonggi","경기도","고양시덕양구","행주동","행주동","4128163000","경기도 고양시덕양구 행주동"
"gyeonggi","경기도","고양시덕양구","화전동","화전동","4128166000","경기도 고양시덕양구 화전동"
"gyeonggi","경기도","고양시덕양구","화정동","화정1동, 화정2동","4128162100","경기도 고양시덕양구 화정1동"
"gyeonggi","경기도","고양시덕양구","효자동","효자동","4128156000","경기도 고양시덕양구 효자동"
"gyeonggi","경기도","고양시덕양구","흥도동","흥도동","4128153000","경기도 고양시덕양구 흥도동"
"gyeonggi","경기도","고양시일산동구","고봉동","고봉동","4128560000","경기도 고양시일산동구 고봉동"
"gyeonggi","경기도","고양시일산동구","마두동","마두1동, 마두2동","4128556000","경기도 고양시일산동구 마두1동"
"gyeonggi","경기도","고양시일산동구","백석동","백석1동, 백석2동","4128555100","경기도 고양시일산동구 백석1동"
"gyeonggi","경기도","고양시일산동구","식사동","식사동","4128551000","경기도 고양시일산동구 식사동"
"gyeonggi","경기도","고양시일산동구","장항동","장항1동, 장항2동","4128558000","경기도 고양시일산동구 장항1동"
"gyeonggi","경기도","고양시일산동구","정발산동","정발산동","4128553000","경기도 고양시일산동구 정발산동"
"gyeonggi","경기도","고양시일산동구","중산동","중산1동, 중산2동","4128552500","경기도 고양시일산동구 중산1동"
"gyeonggi","경기도","고양시일산동구","풍산동","풍산동","4128554000","경기도 고양시일산동구 풍산동"
"gyeonggi","경기도","고양시일산서구","가좌동","가좌동","4128761000","경기도 고양시일산서구 가좌동"
"gyeonggi","경기도","고양시일산서구","대화동","대화동","4128757000","경기도 고양시일산서구 대화동"
"gyeonggi","경기도","고양시일산서구","덕이동","덕이동","4128760000","경기도 고양시일산서구 덕이동"
"gyeonggi","경기도","고양시일산서구","송포동","송포동","4128758000","경기도 고양시일산서구 송포동"
"gyeonggi","경기도","고양시일산서구","일산동","일산1동, 일산2동, 일산3동","4128751000","경기도 고양시일산서구 일산1동"
"gyeonggi","경기도","고양시일산서구","주엽동","주엽1동, 주엽2동","4128755000","경기도 고양시일산서구 주엽1동"
"gyeonggi","경기도","고양시일산서구","탄현동","탄현1동, 탄현2동","4128754500","경기도 고양시일산서구 탄현1동"
"gyeonggi","경기도","과천시","갈현동","갈현동","4129052000","경기도 과천시 갈현동"
"gyeonggi","경기도","과천시","과천동","과천동","4129055000","경기도 과천시 과천동"
"gyeonggi","경기도","과천시","문원동","문원동","4129056000","경기도 과천시 문원동"
"gyeonggi","경기도","과천시","별양동","별양동","4129053000","경기도 과천시 별양동"
"gyeonggi","경기도","과천시","부림동","부림동","4129054000","경기도 과천시 부림동"
"gyeonggi","경기도","과천시","원문동","원문동","4129051500","경기도 과천시 원문동"
"gyeonggi","경기도","과천시","중앙동","중앙동","4129051000","경기도 과천시 중앙동"
"gyeonggi","경기도","광명시","광명동","광명1동, 광명2동, 광명3동, 광명4동, 광명5동, 광명6동, 광명7동","4121051000","경기도 광명시 광명1동"
"gyeonggi","경기도","광명시","소하동","소하1동, 소하2동","4121064000","경기도 광명시 소하1동"
"gyeonggi","경기도","광명시","일직동","일직동","4121065500","경기도 광명시 일직동"
"gyeonggi","경기도","광명시","철산동","철산1동, 철산2동, 철산3동, 철산4동","4121059000","경기도 광명시 철산1동"
"gyeonggi","경기도","광명시","하안동","하안1동, 하안2동, 하안3동, 하안4동","4121063100","경기도 광명시 하안1동"
"gyeonggi","경기도","광명시","학온동","학온동","4121066000","경기도 광명시 학온동"
"gyeonggi","경기도","광주시","경안동","경안동","4161051000","경기도 광주시 경안동"
"gyeonggi","경기도","광주시","광남동","광남1동, 광남2동","4161056000","경기도 광주시 광남1동"
"gyeonggi","경기도","광주시","능평동","능평동","4161061000","경기도 광주시 능평동"
"gyeonggi","경기도","광주시","송정동","송정동","4161052000","경기도 광주시 송정동"
"gyeonggi","경기도","광주시","신현동","신현동","4161060000","경기도 광주시 신현동"
"gyeonggi","경기도","광주시","쌍령동","쌍령동","4161054000","경기도 광주시 쌍령동"
"gyeonggi","경기도","광주시","오포동","오포1동, 오포2동","4161058000","경기도 광주시 오포1동"
"gyeonggi","경기도","광주시","탄벌동","탄벌동","4161055000","경기도 광주시 탄벌동"
"gyeonggi","경기도","구리시","갈매동","갈매동","4131051000","경기도 구리시 갈매동"
"gyeonggi","경기도","구리시","교문동","교문1동, 교문2동","4131054100","경기도 구리시 교문1동"
"gyeonggi","경기도","구리시","동구동","동구동","4131052000","경기도 구리시 동구동"
"gyeonggi","경기도","구리시","수택동","수택1동, 수택2동, 수택3동","4131057000","경기도 구리시 수택1동"
"gyeonggi","경기도","구리시","인창동","인창동","4131053000","경기도 구리시 인창동"
"gyeonggi","경기도","군포시","광정동","광정동","4141062000","경기도 군포시 광정동"
"gyeonggi","경기도","군포시","군포동","군포1동, 군포2동","4141051000","경기도 군포시 군포1동"
"gyeonggi","경기도","군포시","궁내동","궁내동","4141060000","경기도 군포시 궁내동"
"gyeonggi","경기도","군포시","금정동","금정동","4141056000","경기도 군포시 금정동"
"gyeonggi","경기도","군포시","대야동","대야동","4141061000","경기도 군포시 대야동"
"gyeonggi","경기도","군포시","산본동","산본1동, 산본2동","4141054000","경기도 군포시 산본1동"
"gyeonggi","경기도","군포시","송부동","송부동","4141063000","경기도 군포시 송부동"
"gyeonggi","경기도","군포시","수리동","수리동","4141059000","경기도 군포시 수리동"
"gyeonggi","경기도","군포시","오금동","오금동","4141058000","경기도 군포시 오금동"
"gyeonggi","경기도","군포시","재궁동","재궁동","4141057000","경기도 군포시 재궁동"
"gyeonggi","경기도","김포시","구래동","구래동","4157057000","경기도 김포시 구래동"
"gyeonggi","경기도","김포시","김포본동","김포본동","4157051500","경기도 김포시 김포본동"
"gyeonggi","경기도","김포시","마산동","마산동","4157057500","경기도 김포시 마산동"
"gyeonggi","경기도","김포시","사우동","사우동","4157054000","경기도 김포시 사우동"
"gyeonggi","경기도","김포시","운양동","운양동","4157058000","경기도 김포시 운양동"
"gyeonggi","경기도","김포시","장기동","장기동","4157056000","경기도 김포시 장기동"
"gyeonggi","경기도","김포시","장기본동","장기본동","4157052500","경기도 김포시 장기본동"
"gyeonggi","경기도","김포시","풍무동","풍무동","4157055000","경기도 김포시 풍무동"
"gyeonggi","경기도","남양주시","금곡동","금곡동","4136053000","경기도 남양주시 금곡동"
"gyeonggi","경기도","남양주시","다산동","다산1동, 다산2동","4136054500","경기도 남양주시 다산1동"
"gyeonggi","경기도","남양주시","별내동","별내동","4136057000","경기도 남양주시 별내동"
"gyeonggi","경기도","남양주시","양정동","양정동","4136054000","경기도 남양주시 양정동"
"gyeonggi","경기도","남양주시","평내동","평내동","4136052000","경기도 남양주시 평내동"
"gyeonggi","경기도","남양주시","호평동","호평동","4136051000","경기도 남양주시 호평동"
"gyeonggi","경기도","동두천시","보산동","보산동","4125055000","경기도 동두천시 보산동"
"gyeonggi","경기도","동두천시","불현동","불현동","4125056500","경기도 동두천시 불현동"
"gyeonggi","경기도","동두천시","상패동","상패동","4125060000","경기도 동두천시 상패동"
"gyeonggi","경기도","동두천시","생연동","생연1동, 생연2동","4125051000","경기도 동두천시 생연1동"
"gyeonggi","경기도","동두천시","소요동","소요동","4125058000","경기도 동두천시 소요동"
"gyeonggi","경기도","동두천시","송내동","송내동","4125056600","경기도 동두천시 송내동"
"gyeonggi","경기도","동두천시","중앙동","중앙동","4125053500","경기도 동두천시 중앙동"
"gyeonggi","경기도","부천시소사구","괴안동","괴안동","4119457000","경기도 부천시소사구 괴안동"
"gyeonggi","경기도","부천시소사구","범박동","범박동","4119455000","경기도 부천시소사구 범박동"
"gyeonggi","경기도","부천시소사구","소사본동","소사본1동, 소사본동","4119453000","경기도 부천시소사구 소사본동"
"gyeonggi","경기도","부천시소사구","송내동","송내1동, 송내2동","4119459000","경기도 부천시소사구 송내1동"
"gyeonggi","경기도","부천시소사구","심곡본동","심곡본1동, 심곡본동","4119451000","경기도 부천시소사구 심곡본1동"
"gyeonggi","경기도","부천시소사구","역곡동","역곡3동","4119458000","경기도 부천시소사구 역곡3동"
"gyeonggi","경기도","부천시소사구","옥길동","옥길동","4119456000","경기도 부천시소사구 옥길동"
"gyeonggi","경기도","부천시오정구","고강동","고강1동","4119655000","경기도 부천시오정구 고강1동"
"gyeonggi","경기도","부천시오정구","고강본동","고강본동","4119654000","경기도 부천시오정구 고강본동"
"gyeonggi","경기도","부천시오정구","성곡동","성곡동","4119651000","경기도 부천시오정구 성곡동"
"gyeonggi","경기도","부천시오정구","신흥동","신흥동","4119657000","경기도 부천시오정구 신흥동"
"gyeonggi","경기도","부천시오정구","오정동","오정동","4119656000","경기도 부천시오정구 오정동"
"gyeonggi","경기도","부천시오정구","원종동","원종1동, 원종2동","4119652000","경기도 부천시오정구 원종1동"
"gyeonggi","경기도","부천시원미구","도당동","도당동","4119260000","경기도 부천시원미구 도당동"
"gyeonggi","경기도","부천시원미구","상동","상1동, 상2동, 상3동, 상동","4119267000","경기도 부천시원미구 상동"
"gyeonggi","경기도","부천시원미구","소사동","소사동","4119256000","경기도 부천시원미구 소사동"
"gyeonggi","경기도","부천시원미구","심곡동","심곡1동, 심곡2동, 심곡3동","4119251000","경기도 부천시원미구 심곡1동"
"gyeonggi","경기도","부천시원미구","약대동","약대동","4119261000","경기도 부천시원미구 약대동"
"gyeonggi","경기도","부천시원미구","역곡동","역곡1동, 역곡2동","4119257000","경기도 부천시원미구 역곡1동"
"gyeonggi","경기도","부천시원미구","원미동","원미1동, 원미2동","4119254000","경기도 부천시원미구 원미1동"
"gyeonggi","경기도","부천시원미구","중동","중1동, 중2동, 중3동, 중4동, 중동","4119262000","경기도 부천시원미구 중동"
"gyeonggi","경기도","부천시원미구","춘의동","춘의동","4119259000","경기도 부천시원미구 춘의동"
"gyeonggi","경기도","성남시분당구","구미동","구미1동, 구미동","4113566500","경기도 성남시분당구 구미1동"
"gyeonggi","경기도","성남시분당구","금곡동","금곡동","4113566200","경기도 성남시분당구 금곡동"
"gyeonggi","경기도","성남시분당구","백현동","백현동","4113565700","경기도 성남시분당구 백현동"
"gyeonggi","경기도","성남시분당구","분당동","분당동","4113551000","경기도 성남시분당구 분당동"
"gyeonggi","경기도","성남시분당구","삼평동","삼평동","4113565500","경기도 성남시분당구 삼평동"
"gyeonggi","경기도","성남시분당구","서현동","서현1동, 서현2동","4113558000","경기도 성남시분당구 서현1동"
"gyeonggi","경기도","성남시분당구","수내동","수내1동, 수내2동, 수내3동","4113552000","경기도 성남시분당구 수내1동"
"gyeonggi","경기도","성남시분당구","야탑동","야탑1동, 야탑2동, 야탑3동","4113562000","경기도 성남시분당구 야탑1동"
"gyeonggi","경기도","성남시분당구","운중동","운중동","4113568000","경기도 성남시분당구 운중동"
"gyeonggi","경기도","성남시분당구","이매동","이매1동, 이매2동","4113560000","경기도 성남시분당구 이매1동"
"gyeonggi","경기도","성남시분당구","정자동","정자1동, 정자2동, 정자3동, 정자동","4113554500","경기도 성남시분당구 정자동"
"gyeonggi","경기도","성남시분당구","판교동","판교동","4113565000","경기도 성남시분당구 판교동"
"gyeonggi","경기도","성남시수정구","고등동","고등동","4113164000","경기도 성남시수정구 고등동"
"gyeonggi","경기도","성남시수정구","단대동","단대동","4113159000","경기도 성남시수정구 단대동"
"gyeonggi","경기도","성남시수정구","복정동","복정동","4113162000","경기도 성남시수정구 복정동"
"gyeonggi","경기도","성남시수정구","산성동","산성동","4113160000","경기도 성남시수정구 산성동"
"gyeonggi","경기도","성남시수정구","수진동","수진1동, 수진2동","4113157000","경기도 성남시수정구 수진1동"
"gyeonggi","경기도","성남시수정구","시흥동","시흥동","4113165000","경기도 성남시수정구 시흥동"
"gyeonggi","경기도","성남시수정구","신촌동","신촌동","4113163000","경기도 성남시수정구 신촌동"
"gyeonggi","경기도","성남시수정구","신흥동","신흥1동, 신흥2동, 신흥3동","4113151000","경기도 성남시수정구 신흥1동"
"gyeonggi","경기도","성남시수정구","양지동","양지동","4113161000","경기도 성남시수정구 양지동"
"gyeonggi","경기도","성남시수정구","위례동","위례동","4113162500","경기도 성남시수정구 위례동"
"gyeonggi","경기도","성남시수정구","태평동","태평1동, 태평2동, 태평3동, 태평4동","4113154000","경기도 성남시수정구 태평1동"
"gyeonggi","경기도","성남시중원구","금광동","금광1동, 금광2동","4113353000","경기도 성남시중원구 금광1동"
"gyeonggi","경기도","성남시중원구","도촌동","도촌동","4113367000","경기도 성남시중원구 도촌동"
"gyeonggi","경기도","성남시중원구","상대원동","상대원1동, 상대원2동, 상대원3동","4113357000","경기도 성남시중원구 상대원1동"
"gyeonggi","경기도","성남시중원구","성남동","성남동","4113351000","경기도 성남시중원구 성남동"
"gyeonggi","경기도","성남시중원구","은행동","은행1동, 은행2동","4113355000","경기도 성남시중원구 은행1동"
"gyeonggi","경기도","성남시중원구","중앙동","중앙동","4113352500","경기도 성남시중원구 중앙동"
"gyeonggi","경기도","성남시중원구","하대원동","하대원동","4113366000","경기도 성남시중원구 하대원동"
"gyeonggi","경기도","수원시권선구","곡선동","곡선동","4111369000","경기도 수원시권선구 곡선동"
"gyeonggi","경기도","수원시권선구","구운동","구운동","4111365000","경기도 수원시권선구 구운동"
"gyeonggi","경기도","수원시권선구","권선동","권선1동, 권선2동","4111367000","경기도 수원시권선구 권선1동"
"gyeonggi","경기도","수원시권선구","금곡동","금곡동","4111366200","경기도 수원시권선구 금곡동"
"gyeonggi","경기도","수원시권선구","서둔동","서둔동","4111356000","경기도 수원시권선구 서둔동"
"gyeonggi","경기도","수원시권선구","세류동","세류1동, 세류2동, 세류3동","4111352000","경기도 수원시권선구 세류1동"
"gyeonggi","경기도","수원시권선구","입북동","입북동","4111370000","경기도 수원시권선구 입북동"
"gyeonggi","경기도","수원시권선구","평동","평동","4111355000","경기도 수원시권선구 평동"
"gyeonggi","경기도","수원시권선구","호매실동","호매실동","4111366400","경기도 수원시권선구 호매실동"
"gyeonggi","경기도","수원시영통구","광교동","광교1동, 광교2동","4111760000","경기도 수원시영통구 광교1동"
"gyeonggi","경기도","수원시영통구","망포동","망포1동, 망포2동","4111759300","경기도 수원시영통구 망포1동"
"gyeonggi","경기도","수원시영통구","매탄동","매탄1동, 매탄2동, 매탄3동, 매탄4동","4111751000","경기도 수원시영통구 매탄1동"
"gyeonggi","경기도","수원시영통구","영통동","영통1동, 영통2동, 영통3동","4111757000","경기도 수원시영통구 영통1동"
"gyeonggi","경기도","수원시영통구","원천동","원천동","4111755000","경기도 수원시영통구 원천동"
"gyeonggi","경기도","수원시장안구","송죽동","송죽동","4111159100","경기도 수원시장안구 송죽동"
"gyeonggi","경기도","수원시장안구","연무동","연무동","4111160000","경기도 수원시장안구 연무동"
"gyeonggi","경기도","수원시장안구","영화동","영화동","4111158000","경기도 수원시장안구 영화동"
"gyeonggi","경기도","수원시장안구","율천동","율천동","4111156600","경기도 수원시장안구 율천동"
"gyeonggi","경기도","수원시장안구","정자동","정자1동, 정자2동, 정자3동","4111157100","경기도 수원시장안구 정자1동"
"gyeonggi","경기도","수원시장안구","조원동","조원1동, 조원2동","4111159700","경기도 수원시장안구 조원1동"
"gyeonggi","경기도","수원시장안구","파장동","파장동","4111156000","경기도 수원시장안구 파장동"
"gyeonggi","경기도","수원시팔달구","고등동","고등동","4111567000","경기도 수원시팔달구 고등동"
"gyeonggi","경기도","수원시팔달구","매교동","매교동","4111565000","경기도 수원시팔달구 매교동"
"gyeonggi","경기도","수원시팔달구","매산동","매산동","4111566000","경기도 수원시팔달구 매산동"
"gyeonggi","경기도","수원시팔달구","우만동","우만1동, 우만2동","4111571000","경기도 수원시팔달구 우만1동"
"gyeonggi","경기도","수원시팔달구","인계동","인계동","4111573000","경기도 수원시팔달구 인계동"
"gyeonggi","경기도","수원시팔달구","지동","지동","4111570000","경기도 수원시팔달구 지동"
"gyeonggi","경기도","수원시팔달구","행궁동","행궁동","4111574000","경기도 수원시팔달구 행궁동"
"gyeonggi","경기도","수원시팔달구","화서동","화서1동, 화서2동","4111568000","경기도 수원시팔달구 화서1동"
"gyeonggi","경기도","시흥시","거북섬동","거북섬동","4139065000","경기도 시흥시 거북섬동"
"gyeonggi","경기도","시흥시","과림동","과림동","4139062100","경기도 시흥시 과림동"
"gyeonggi","경기도","시흥시","군자동","군자동","4139058100","경기도 시흥시 군자동"
"gyeonggi","경기도","시흥시","능곡동","능곡동","4139064000","경기도 시흥시 능곡동"
"gyeonggi","경기도","시흥시","대야동","대야동","4139051000","경기도 시흥시 대야동"
"gyeonggi","경기도","시흥시","매화동","매화동","4139055000","경기도 시흥시 매화동"
"gyeonggi","경기도","시흥시","목감동","목감동","4139057000","경기도 시흥시 목감동"
"gyeonggi","경기도","시흥시","배곧동","배곧1동, 배곧2동","4139059600","경기도 시흥시 배곧1동"
"gyeonggi","경기도","시흥시","신천동","신천동","4139052000","경기도 시흥시 신천동"
"gyeonggi","경기도","시흥시","신현동","신현동","4139053100","경기도 시흥시 신현동"
"gyeonggi","경기도","시흥시","연성동","연성동","4139063000","경기도 시흥시 연성동"
"gyeonggi","경기도","시흥시","월곶동","월곶동","4139058200","경기도 시흥시 월곶동"
"gyeonggi","경기도","시흥시","은행동","은행동","4139054000","경기도 시흥시 은행동"
"gyeonggi","경기도","시흥시","장곡동","장곡동","4139063100","경기도 시흥시 장곡동"
"gyeonggi","경기도","시흥시","정왕동","정왕1동, 정왕2동, 정왕3동, 정왕4동","4139059100","경기도 시흥시 정왕1동"
"gyeonggi","경기도","시흥시","정왕본동","정왕본동","4139058900","경기도 시흥시 정왕본동"
"gyeonggi","경기도","안산시단원구","고잔동","고잔동","4127352500","경기도 안산시단원구 고잔동"
"gyeonggi","경기도","안산시단원구","대부동","대부동","4127361000","경기도 안산시단원구 대부동"
"gyeonggi","경기도","안산시단원구","백운동","백운동","4127355500","경기도 안산시단원구 백운동"
"gyeonggi","경기도","안산시단원구","선부동","선부1동, 선부2동, 선부3동","4127358000","경기도 안산시단원구 선부1동"
"gyeonggi","경기도","안산시단원구","신길동","신길동","4127356500","경기도 안산시단원구 신길동"
"gyeonggi","경기도","안산시단원구","와동","와동","4127351000","경기도 안산시단원구 와동"
"gyeonggi","경기도","안산시단원구","원곡동","원곡동","4127354500","경기도 안산시단원구 원곡동"
"gyeonggi","경기도","안산시단원구","중앙동","중앙동","4127353200","경기도 안산시단원구 중앙동"
"gyeonggi","경기도","안산시단원구","초지동","초지동","4127357000","경기도 안산시단원구 초지동"
"gyeonggi","경기도","안산시단원구","호수동","호수동","4127353500","경기도 안산시단원구 호수동"
"gyeonggi","경기도","안산시상록구","반월동","반월동","4127160000","경기도 안산시상록구 반월동"
"gyeonggi","경기도","안산시상록구","본오동","본오1동, 본오2동, 본오3동","4127154000","경기도 안산시상록구 본오1동"
"gyeonggi","경기도","안산시상록구","부곡동","부곡동","4127157000","경기도 안산시상록구 부곡동"
"gyeonggi","경기도","안산시상록구","사동","사동","4127152500","경기도 안산시상록구 사동"
"gyeonggi","경기도","안산시상록구","사이동","사이동","4127153200","경기도 안산시상록구 사이동"
"gyeonggi","경기도","안산시상록구","성포동","성포동","4127159000","경기도 안산시상록구 성포동"
"gyeonggi","경기도","안산시상록구","안산동","안산동","4127161000","경기도 안산시상록구 안산동"
"gyeonggi","경기도","안산시상록구","월피동","월피동","4127158000","경기도 안산시상록구 월피동"
"gyeonggi","경기도","안산시상록구","이동","이동","4127151500","경기도 안산시상록구 이동"
"gyeonggi","경기도","안산시상록구","일동","일동","4127151000","경기도 안산시상록구 일동"
"gyeonggi","경기도","안산시상록구","해양동","해양동","4127153700","경기도 안산시상록구 해양동"
"gyeonggi","경기도","안성시","안성동","안성1동, 안성2동, 안성3동","4155051000","경기도 안성시 안성1동"
"gyeonggi","경기도","안양시동안구","갈산동","갈산동","4117363000","경기도 안양시동안구 갈산동"
"gyeonggi","경기도","안양시동안구","관양동","관양동","4117355200","경기도 안양시동안구 관양동"
"gyeonggi","경기도","안양시동안구","귀인동","귀인동","4117357800","경기도 안양시동안구 귀인동"
"gyeonggi","경기도","안양시동안구","달안동","달안동","4117354600","경기도 안양시동안구 달안동"
"gyeonggi","경기도","안양시동안구","범계동","범계동","4117361000","경기도 안양시동안구 범계동"
"gyeonggi","경기도","안양시동안구","부림동","부림동","4117356600","경기도 안양시동안구 부림동"
"gyeonggi","경기도","안양시동안구","부흥동","부흥동","4117354000","경기도 안양시동안구 부흥동"
"gyeonggi","경기도","안양시동안구","비산동","비산1동, 비산2동, 비산3동","4117351000","경기도 안양시동안구 비산1동"
"gyeonggi","경기도","안양시동안구","신촌동","신촌동","4117362000","경기도 안양시동안구 신촌동"
"gyeonggi","경기도","안양시동안구","인덕원동","인덕원동","4117355900","경기도 안양시동안구 인덕원동"
"gyeonggi","경기도","안양시동안구","평안동","평안동","4117357600","경기도 안양시동안구 평안동"
"gyeonggi","경기도","안양시동안구","평촌동","평촌동","4117357000","경기도 안양시동안구 평촌동"
"gyeonggi","경기도","안양시동안구","호계동","호계1동, 호계2동, 호계3동","4117358000","경기도 안양시동안구 호계1동"
"gyeonggi","경기도","안양시만안구","박달동","박달동","4117164000","경기도 안양시만안구 박달동"
"gyeonggi","경기도","안양시만안구","석수동","석수1동, 석수2동","4117159000","경기도 안양시만안구 석수1동"
"gyeonggi","경기도","안양시만안구","안양동","안양1동, 안양2동, 안양3동, 안양4동, 안양5동, 안양6동, 안양7동, 안양8동, 안양9동","4117151000","경기도 안양시만안구 안양1동"
"gyeonggi","경기도","안양시만안구","충훈동","충훈동","4117161100","경기도 안양시만안구 충훈동"
"gyeonggi","경기도","안양시만안구","호현동","호현동","4117165000","경기도 안양시만안구 호현동"
"gyeonggi","경기도","양주시","양주동","양주1동, 양주2동","4163051000","경기도 양주시 양주1동"
"gyeonggi","경기도","양주시","옥정동","옥정1동, 옥정2동","4163057000","경기도 양주시 옥정1동"
"gyeonggi","경기도","양주시","회천동","회천1동, 회천2동, 회천3동","4163053000","경기도 양주시 회천1동"
"gyeonggi","경기도","여주시","여흥동","여흥동","4167051000","경기도 여주시 여흥동"
"gyeonggi","경기도","여주시","오학동","오학동","4167053000","경기도 여주시 오학동"
"gyeonggi","경기도","여주시","중앙동","중앙동","4167052000","경기도 여주시 중앙동"
"gyeonggi","경기도","오산시","남촌동","남촌동","4137053000","경기도 오산시 남촌동"
"gyeonggi","경기도","오산시","대원동","대원1동, 대원2동","4137052300","경기도 오산시 대원1동"
"gyeonggi","경기도","오산시","세마동","세마동","4137055000","경기도 오산시 세마동"
"gyeonggi","경기도","오산시","신장동","신장1동, 신장2동","4137054300","경기도 오산시 신장1동"
"gyeonggi","경기도","오산시","중앙동","중앙동","4137051000","경기도 오산시 중앙동"
"gyeonggi","경기도","오산시","초평동","초평동","4137056000","경기도 오산시 초평동"
"gyeonggi","경기도","용인시기흥구","구갈동","구갈동","4146352000","경기도 용인시기흥구 구갈동"
"gyeonggi","경기도","용인시기흥구","구성동","구성동","4146356000","경기도 용인시기흥구 구성동"
"gyeonggi","경기도","용인시기흥구","기흥동","기흥동","4146354000","경기도 용인시기흥구 기흥동"
"gyeonggi","경기도","용인시기흥구","동백동","동백1동, 동백2동, 동백3동","4146357200","경기도 용인시기흥구 동백1동"
"gyeonggi","경기도","용인시기흥구","마북동","마북동","4146357000","경기도 용인시기흥구 마북동"
"gyeonggi","경기도","용인시기흥구","보라동","보라동","4146353500","경기도 용인시기흥구 보라동"
"gyeonggi","경기도","용인시기흥구","보정동","보정동","4146359000","경기도 용인시기흥구 보정동"
"gyeonggi","경기도","용인시기흥구","상갈동","상갈동","4146353000","경기도 용인시기흥구 상갈동"
"gyeonggi","경기도","용인시기흥구","상하동","상하동","4146358600","경기도 용인시기흥구 상하동"
"gyeonggi","경기도","용인시기흥구","서농동","서농동","4146355000","경기도 용인시기흥구 서농동"
"gyeonggi","경기도","용인시기흥구","신갈동","신갈동","4146351000","경기도 용인시기흥구 신갈동"
"gyeonggi","경기도","용인시기흥구","영덕동","영덕1동, 영덕2동","4146351600","경기도 용인시기흥구 영덕1동"
"gyeonggi","경기도","용인시수지구","동천동","동천동","4146556000","경기도 용인시수지구 동천동"
"gyeonggi","경기도","용인시수지구","상현동","상현1동, 상현2동, 상현3동","4146557000","경기도 용인시수지구 상현1동"
"gyeonggi","경기도","용인시수지구","성복동","성복동","4146559000","경기도 용인시수지구 성복동"
"gyeonggi","경기도","용인시수지구","신봉동","신봉동","4146553000","경기도 용인시수지구 신봉동"
"gyeonggi","경기도","용인시수지구","죽전동","죽전1동, 죽전2동, 죽전3동","4146554000","경기도 용인시수지구 죽전1동"
"gyeonggi","경기도","용인시수지구","풍덕천동","풍덕천1동, 풍덕천2동","4146551000","경기도 용인시수지구 풍덕천1동"
"gyeonggi","경기도","용인시처인구","동부동","동부동","4146154000","경기도 용인시처인구 동부동"
"gyeonggi","경기도","용인시처인구","삼가동","삼가동","4146152600","경기도 용인시처인구 삼가동"
"gyeonggi","경기도","용인시처인구","역북동","역북동","4146152500","경기도 용인시처인구 역북동"
"gyeonggi","경기도","용인시처인구","유림동","유림1동, 유림2동","4146153500","경기도 용인시처인구 유림1동"
"gyeonggi","경기도","용인시처인구","중앙동","중앙동","4146151000","경기도 용인시처인구 중앙동"
"gyeonggi","경기도","의왕시","고천동","고천동","4143051000","경기도 의왕시 고천동"
"gyeonggi","경기도","의왕시","내손동","내손1동, 내손2동","4143054000","경기도 의왕시 내손1동"
"gyeonggi","경기도","의왕시","부곡동","부곡동","4143052000","경기도 의왕시 부곡동"
"gyeonggi","경기도","의왕시","오전동","오전동","4143053000","경기도 의왕시 오전동"
"gyeonggi","경기도","의왕시","청계동","청계동","4143056000","경기도 의왕시 청계동"
"gyeonggi","경기도","의정부시","가능동","가능동","4115059500","경기도 의정부시 가능동"
"gyeonggi","경기도","의정부시","고산동","고산동","4115063000","경기도 의정부시 고산동"
"gyeonggi","경기도","의정부시","녹양동","녹양동","4115062000","경기도 의정부시 녹양동"
"gyeonggi","경기도","의정부시","송산동","송산1동, 송산2동, 송산3동","4115057300","경기도 의정부시 송산1동"
"gyeonggi","경기도","의정부시","신곡동","신곡1동, 신곡2동","4115056700","경기도 의정부시 신곡1동"
"gyeonggi","경기도","의정부시","의정부동","의정부1동, 의정부2동","4115051000","경기도 의정부시 의정부1동"
"gyeonggi","경기도","의정부시","자금동","자금동","4115058000","경기도 의정부시 자금동"
"gyeonggi","경기도","의정부시","장암동","장암동","4115056100","경기도 의정부시 장암동"
"gyeonggi","경기도","의정부시","호원동","호원1동, 호원2동","4115054500","경기도 의정부시 호원1동"
"gyeonggi","경기도","의정부시","흥선동","흥선동","4115061500","경기도 의정부시 흥선동"
"gyeonggi","경기도","이천시","관고동","관고동","4150053000","경기도 이천시 관고동"
"gyeonggi","경기도","이천시","중리동","중리동","4150052000","경기도 이천시 중리동"
"gyeonggi","경기도","이천시","증포동","증포동","4150051500","경기도 이천시 증포동"
"gyeonggi","경기도","이천시","창전동","창전동","4150051000","경기도 이천시 창전동"
"gyeonggi","경기도","파주시","교하동","교하동","4148054000","경기도 파주시 교하동"
"gyeonggi","경기도","파주시","금촌동","금촌1동, 금촌2동, 금촌3동","4148051000","경기도 파주시 금촌1동"
"gyeonggi","경기도","파주시","운정동","운정1동, 운정2동, 운정3동, 운정4동, 운정5동, 운정6동","4148055000","경기도 파주시 운정1동"
"gyeonggi","경기도","평택시","고덕동","고덕동","4122066000","경기도 평택시 고덕동"
"gyeonggi","경기도","평택시","동삭동","동삭동","4122065000","경기도 평택시 동삭동"
"gyeonggi","경기도","평택시","비전동","비전1동, 비전2동","4122062000","경기도 평택시 비전1동"
"gyeonggi","경기도","평택시","서정동","서정동","4122052000","경기도 평택시 서정동"
"gyeonggi","경기도","평택시","세교동","세교동","4122064000","경기도 평택시 세교동"
"gyeonggi","경기도","평택시","송북동","송북동","4122056000","경기도 평택시 송북동"
"gyeonggi","경기도","평택시","송탄동","송탄동","4122053500","경기도 평택시 송탄동"
"gyeonggi","경기도","평택시","신장동","신장1동, 신장2동","4122057000","경기도 평택시 신장1동"
"gyeonggi","경기도","평택시","신평동","신평동","4122059000","경기도 평택시 신평동"
"gyeonggi","경기도","평택시","용이동","용이동","4122063500","경기도 평택시 용이동"
"gyeonggi","경기도","평택시","원평동","원평동","4122060000","경기도 평택시 원평동"
"gyeonggi","경기도","평택시","중앙동","중앙동","4122051000","경기도 평택시 중앙동"
"gyeonggi","경기도","평택시","지산동","지산동","4122055000","경기도 평택시 지산동"
"gyeonggi","경기도","평택시","통복동","통복동","4122061000","경기도 평택시 통복동"
"gyeonggi","경기도","포천시","선단동","선단동","4165052000","경기도 포천시 선단동"
"gyeonggi","경기도","포천시","포천동","포천동","4165051000","경기도 포천시 포천동"
"gyeonggi","경기도","하남시","감북동","감북동","4145058000","경기도 하남시 감북동"
"gyeonggi","경기도","하남시","감일동","감일동","4145058200","경기도 하남시 감일동"
"gyeonggi","경기도","하남시","덕풍동","덕풍1동, 덕풍2동, 덕풍3동","4145054000","경기도 하남시 덕풍1동"
"gyeonggi","경기도","하남시","미사동","미사1동, 미사2동, 미사3동","4145061000","경기도 하남시 미사1동"
"gyeonggi","경기도","하남시","신장동","신장1동, 신장2동","4145052000","경기도 하남시 신장1동"
"gyeonggi","경기도","하남시","위례동","위례동","4145058500","경기도 하남시 위례동"
"gyeonggi","경기도","하남시","천현동","천현동","4145051000","경기도 하남시 천현동"
"gyeonggi","경기도","하남시","초이동","초이동","4145060000","경기도 하남시 초이동"
"gyeonggi","경기도","하남시","춘궁동","춘궁동","4145059000","경기도 하남시 춘궁동"
"gyeonggi","경기도","화성시동탄구","동탄동","동탄1동, 동탄2동, 동탄3동, 동탄4동, 동탄5동, 동탄6동, 동탄7동, 동탄8동, 동탄9동","4159751000","경기도 화성시동탄구 동탄1동"
"gyeonggi","경기도","화성시만세구","새솔동","새솔동","4159151000","경기도 화성시만세구 새솔동"
"gyeonggi","경기도","화성시병점구","반월동","반월동","4159554000","경기도 화성시병점구 반월동"
"gyeonggi","경기도","화성시병점구","병점동","병점1동, 병점2동","4159552000","경기도 화성시병점구 병점1동"
"gyeonggi","경기도","화성시병점구","진안동","진안동","4159551000","경기도 화성시병점구 진안동"
"gyeonggi","경기도","화성시병점구","화산동","화산동","4159555000","경기도 화성시병점구 화산동"
"gyeonggi","경기도","화성시효행구","기배동","기배동","4159351000","경기도 화성시효행구 기배동"
"gyeongsang","경상남도","거제시","고현동","고현동","4831058000","경상남도 거제시 고현동"
"gyeongsang","경상남도","거제시","능포동","능포동","4831053000","경상남도 거제시 능포동"
"gyeongsang","경상남도","거제시","상문동","상문동","4831059000","경상남도 거제시 상문동"
"gyeongsang","경상남도","거제시","수양동","수양동","4831060000","경상남도 거제시 수양동"
"gyeongsang","경상남도","거제시","아주동","아주동","4831054000","경상남도 거제시 아주동"
"gyeongsang","경상남도","거제시","옥포동","옥포1동, 옥포2동","4831055000","경상남도 거제시 옥포1동"
"gyeongsang","경상남도","거제시","장승포동","장승포동","4831051000","경상남도 거제시 장승포동"
"gyeongsang","경상남도","거제시","장평동","장평동","4831057000","경상남도 거제시 장평동"
"gyeongsang","경상북도","경산시","남부동","남부동","4729053000","경상북도 경산시 남부동"
"gyeongsang","경상북도","경산시","동부동","동부동","4729056000","경상북도 경산시 동부동"
"gyeongsang","경상북도","경산시","북부동","북부동","4729055000","경상북도 경산시 북부동"
"gyeongsang","경상북도","경산시","서부동","서부1동, 서부2동","4729054100","경상북도 경산시 서부1동"
"gyeongsang","경상북도","경산시","중방동","중방동","4729051000","경상북도 경산시 중방동"
"gyeongsang","경상북도","경산시","중앙동","중앙동","4729052000","경상북도 경산시 중앙동"
"gyeongsang","경상북도","경주시","동천동","동천동","4713063000","경상북도 경주시 동천동"
"gyeongsang","경상북도","경주시","보덕동","보덕동","4713066000","경상북도 경주시 보덕동"
"gyeongsang","경상북도","경주시","불국동","불국동","4713065000","경상북도 경주시 불국동"
"gyeongsang","경상북도","경주시","선도동","선도동","4713059000","경상북도 경주시 선도동"
"gyeongsang","경상북도","경주시","성건동","성건동","4713055000","경상북도 경주시 성건동"
"gyeongsang","경상북도","경주시","용강동","용강동","4713061500","경상북도 경주시 용강동"
"gyeongsang","경상북도","경주시","월성동","월성동","4713060500","경상북도 경주시 월성동"
"gyeongsang","경상북도","경주시","황남동","황남동","4713057000","경상북도 경주시 황남동"
"gyeongsang","경상북도","경주시","황성동","황성동","4713062100","경상북도 경주시 황성동"
"gyeongsang","경상북도","경주시","황오동","황오동","4713053000","경상북도 경주시 황오동"
"gyeongsang","경상북도","구미시","공단동","공단동","4719070000","경상북도 구미시 공단동"
"gyeongsang","경상북도","구미시","광평동","광평동","4719063000","경상북도 구미시 광평동"
"gyeongsang","경상북도","구미시","도량동","도량동","4719055100","경상북도 구미시 도량동"
"gyeongsang","경상북도","구미시","비산동","비산동","4719061000","경상북도 구미시 비산동"
"gyeongsang","경상북도","구미시","상모사곡동","상모사곡동","4719064500","경상북도 구미시 상모사곡동"
"gyeongsang","경상북도","구미시","선주원남동","선주원남동","4719056500","경상북도 구미시 선주원남동"
"gyeongsang","경상북도","구미시","송정동","송정동","4719051000","경상북도 구미시 송정동"
"gyeongsang","경상북도","구미시","신평동","신평1동, 신평2동","4719059000","경상북도 구미시 신평1동"
"gyeongsang","경상북도","구미시","양포동","양포동","4719069000","경상북도 구미시 양포동"
"gyeongsang","경상북도","구미시","원평동","원평동","4719053500","경상북도 구미시 원평동"
"gyeongsang","경상북도","구미시","인동동","인동동","4719067000","경상북도 구미시 인동동"
"gyeongsang","경상북도","구미시","임오동","임오동","4719066000","경상북도 구미시 임오동"
"gyeongsang","경상북도","구미시","지산동","지산동","4719055500","경상북도 구미시 지산동"
"gyeongsang","경상북도","구미시","진미동","진미동","4719068000","경상북도 구미시 진미동"
"gyeongsang","경상북도","구미시","형곡동","형곡1동, 형곡2동","4719058200","경상북도 구미시 형곡1동"
"gyeongsang","경상북도","김천시","대곡동","대곡동","4715059500","경상북도 김천시 대곡동"
"gyeongsang","경상북도","김천시","대신동","대신동","4715057500","경상북도 김천시 대신동"
"gyeongsang","경상북도","김천시","양금동","양금동","4715056500","경상북도 김천시 양금동"
"gyeongsang","경상북도","김천시","율곡동","율곡동","4715064000","경상북도 김천시 율곡동"
"gyeongsang","경상북도","김천시","자산동","자산동","4715051600","경상북도 김천시 자산동"
"gyeongsang","경상북도","김천시","지좌동","지좌동","4715061000","경상북도 김천시 지좌동"
"gyeongsang","경상북도","김천시","평화남산동","평화남산동","4715053600","경상북도 김천시 평화남산동"
"gyeongsang","경상남도","김해시","내외동","내외동","4825054000","경상남도 김해시 내외동"
"gyeongsang","경상남도","김해시","동상동","동상동","4825051000","경상남도 김해시 동상동"
"gyeongsang","경상남도","김해시","부원동","부원동","4825053000","경상남도 김해시 부원동"
"gyeongsang","경상남도","김해시","북부동","북부동","4825055000","경상남도 김해시 북부동"
"gyeongsang","경상남도","김해시","불암동","불암동","4825060000","경상남도 김해시 불암동"
"gyeongsang","경상남도","김해시","삼안동","삼안동","4825059000","경상남도 김해시 삼안동"
"gyeongsang","경상남도","김해시","장유동","장유1동, 장유2동, 장유3동","4825061000","경상남도 김해시 장유1동"
"gyeongsang","경상남도","김해시","칠산서부동","칠산서부동","4825056500","경상남도 김해시 칠산서부동"
"gyeongsang","경상남도","김해시","활천동","활천동","4825058000","경상남도 김해시 활천동"
"gyeongsang","경상남도","김해시","회현동","회현동","4825052000","경상남도 김해시 회현동"
"gyeongsang","경상북도","문경시","점촌동","점촌1동, 점촌2동, 점촌3동, 점촌4동, 점촌5동","4728057000","경상북도 문경시 점촌1동"
"gyeongsang","경상남도","밀양시","가곡동","가곡동","4827054000","경상남도 밀양시 가곡동"
"gyeongsang","경상남도","밀양시","교동","교동","4827055000","경상남도 밀양시 교동"
"gyeongsang","경상남도","밀양시","내이동","내이동","4827052000","경상남도 밀양시 내이동"
"gyeongsang","경상남도","밀양시","내일동","내일동","4827051000","경상남도 밀양시 내일동"
"gyeongsang","경상남도","밀양시","삼문동","삼문동","4827053000","경상남도 밀양시 삼문동"
"gyeongsang","경상남도","사천시","남양동","남양동","4824059500","경상남도 사천시 남양동"
"gyeongsang","경상남도","사천시","동서금동","동서금동","4824053000","경상남도 사천시 동서금동"
"gyeongsang","경상남도","사천시","동서동","동서동","4824051000","경상남도 사천시 동서동"
"gyeongsang","경상남도","사천시","벌용동","벌용동","4824055000","경상남도 사천시 벌용동"
"gyeongsang","경상남도","사천시","선구동","선구동","4824052000","경상남도 사천시 선구동"
"gyeongsang","경상남도","사천시","향촌동","향촌동","4824057000","경상남도 사천시 향촌동"
"gyeongsang","경상북도","상주시","계림동","계림동","4725054000","경상북도 상주시 계림동"
"gyeongsang","경상북도","상주시","남원동","남원동","4725052000","경상북도 상주시 남원동"
"gyeongsang","경상북도","상주시","동문동","동문동","4725055000","경상북도 상주시 동문동"
"gyeongsang","경상북도","상주시","동성동","동성동","4725056000","경상북도 상주시 동성동"
"gyeongsang","경상북도","상주시","북문동","북문동","4725053000","경상북도 상주시 북문동"
"gyeongsang","경상북도","상주시","신흥동","신흥동","4725057000","경상북도 상주시 신흥동"
"gyeongsang","경상북도","안동시","강남동","강남동","4717069000","경상북도 안동시 강남동"
"gyeongsang","경상북도","안동시","명륜동","명륜동","4717052000","경상북도 안동시 명륜동"
"gyeongsang","경상북도","안동시","서구동","서구동","4717058500","경상북도 안동시 서구동"
"gyeongsang","경상북도","안동시","송하동","송하동","4717066000","경상북도 안동시 송하동"
"gyeongsang","경상북도","안동시","안기동","안기동","4717063000","경상북도 안동시 안기동"
"gyeongsang","경상북도","안동시","옥동","옥동","4717065000","경상북도 안동시 옥동"
"gyeongsang","경상북도","안동시","용상동","용상동","4717055500","경상북도 안동시 용상동"
"gyeongsang","경상북도","안동시","중구동","중구동","4717051000","경상북도 안동시 중구동"
"gyeongsang","경상북도","안동시","태화동","태화동","4717060000","경상북도 안동시 태화동"
"gyeongsang","경상북도","안동시","평화동","평화동","4717062000","경상북도 안동시 평화동"
"gyeongsang","경상남도","양산시","강서동","강서동","4833053000","경상남도 양산시 강서동"
"gyeongsang","경상남도","양산시","덕계동","덕계동","4833057000","경상남도 양산시 덕계동"
"gyeongsang","경상남도","양산시","삼성동","삼성동","4833052000","경상남도 양산시 삼성동"
"gyeongsang","경상남도","양산시","서창동","서창동","4833054000","경상남도 양산시 서창동"
"gyeongsang","경상남도","양산시","소주동","소주동","4833055000","경상남도 양산시 소주동"
"gyeongsang","경상남도","양산시","양주동","양주동","4833051500","경상남도 양산시 양주동"
"gyeongsang","경상남도","양산시","중앙동","중앙동","4833051000","경상남도 양산시 중앙동"
"gyeongsang","경상남도","양산시","평산동","평산동","4833056000","경상남도 양산시 평산동"
"gyeongsang","경상북도","영주시","가흥동","가흥1동, 가흥2동","4721062000","경상북도 영주시 가흥1동"
"gyeongsang","경상북도","영주시","상망동","상망동","4721051000","경상북도 영주시 상망동"
"gyeongsang","경상북도","영주시","영주동","영주1동, 영주2동","4721055000","경상북도 영주시 영주1동"
"gyeongsang","경상북도","영주시","하망동","하망동","4721052500","경상북도 영주시 하망동"
"gyeongsang","경상북도","영주시","휴천동","휴천1동, 휴천2동, 휴천3동","4721059000","경상북도 영주시 휴천1동"
"gyeongsang","경상북도","영천시","남부동","남부동","4723055500","경상북도 영천시 남부동"
"gyeongsang","경상북도","영천시","동부동","동부동","4723051000","경상북도 영천시 동부동"
"gyeongsang","경상북도","영천시","서부동","서부동","4723053500","경상북도 영천시 서부동"
"gyeongsang","경상북도","영천시","완산동","완산동","4723054000","경상북도 영천시 완산동"
"gyeongsang","경상북도","영천시","중앙동","중앙동","4723052000","경상북도 영천시 중앙동"
"gyeongsang","경상남도","진주시","가호동","가호동","4817074000","경상남도 진주시 가호동"
"gyeongsang","경상남도","진주시","상대동","상대동","4817067300","경상남도 진주시 상대동"
"gyeongsang","경상남도","진주시","상봉동","상봉동","4817059500","경상남도 진주시 상봉동"
"gyeongsang","경상남도","진주시","상평동","상평동","4817068000","경상남도 진주시 상평동"
"gyeongsang","경상남도","진주시","성북동","성북동","4817055500","경상남도 진주시 성북동"
"gyeongsang","경상남도","진주시","신안동","신안동","4817071500","경상남도 진주시 신안동"
"gyeongsang","경상남도","진주시","이현동","이현동","4817072000","경상남도 진주시 이현동"
"gyeongsang","경상남도","진주시","중앙동","중앙동","4817056500","경상남도 진주시 중앙동"
"gyeongsang","경상남도","진주시","천전동","천전동","4817051500","경상남도 진주시 천전동"
"gyeongsang","경상남도","진주시","초장동","초장동","4817069500","경상남도 진주시 초장동"
"gyeongsang","경상남도","진주시","충무공동","충무공동","4817075000","경상남도 진주시 충무공동"
"gyeongsang","경상남도","진주시","판문동","판문동","4817073000","경상남도 진주시 판문동"
"gyeongsang","경상남도","진주시","평거동","평거동","4817071000","경상남도 진주시 평거동"
"gyeongsang","경상남도","진주시","하대동","하대동","4817067800","경상남도 진주시 하대동"
"gyeongsang","경상남도","창원시마산합포구","가포동","가포동","4812552000","경상남도 창원시마산합포구 가포동"
"gyeongsang","경상남도","창원시마산합포구","교방동","교방동","4812561000","경상남도 창원시마산합포구 교방동"
"gyeongsang","경상남도","창원시마산합포구","문화동","문화동","4812554000","경상남도 창원시마산합포구 문화동"
"gyeongsang","경상남도","창원시마산합포구","반월중앙동","반월중앙동","4812556500","경상남도 창원시마산합포구 반월중앙동"
"gyeongsang","경상남도","창원시마산합포구","산호동","산호동","4812565000","경상남도 창원시마산합포구 산호동"
"gyeongsang","경상남도","창원시마산합포구","오동동","오동동","4812563000","경상남도 창원시마산합포구 오동동"
"gyeongsang","경상남도","창원시마산합포구","완월동","완월동","4812557000","경상남도 창원시마산합포구 완월동"
"gyeongsang","경상남도","창원시마산합포구","월영동","월영동","4812553000","경상남도 창원시마산합포구 월영동"
"gyeongsang","경상남도","창원시마산합포구","자산동","자산동","4812558000","경상남도 창원시마산합포구 자산동"
"gyeongsang","경상남도","창원시마산합포구","합포동","합포동","4812564000","경상남도 창원시마산합포구 합포동"
"gyeongsang","경상남도","창원시마산합포구","현동","현동","4812551000","경상남도 창원시마산합포구 현동"
"gyeongsang","경상남도","창원시마산회원구","구암동","구암1동, 구암2동","4812760000","경상남도 창원시마산회원구 구암1동"
"gyeongsang","경상남도","창원시마산회원구","봉암동","봉암동","4812762000","경상남도 창원시마산회원구 봉암동"
"gyeongsang","경상남도","창원시마산회원구","석전동","석전동","4812754500","경상남도 창원시마산회원구 석전동"
"gyeongsang","경상남도","창원시마산회원구","양덕동","양덕1동, 양덕2동","4812756000","경상남도 창원시마산회원구 양덕1동"
"gyeongsang","경상남도","창원시마산회원구","합성동","합성1동, 합성2동","4812758000","경상남도 창원시마산회원구 합성1동"
"gyeongsang","경상남도","창원시마산회원구","회성동","회성동","4812755000","경상남도 창원시마산회원구 회성동"
"gyeongsang","경상남도","창원시마산회원구","회원동","회원1동, 회원2동","4812751000","경상남도 창원시마산회원구 회원1동"
"gyeongsang","경상남도","창원시성산구","가음정동","가음정동","4812355000","경상남도 창원시성산구 가음정동"
"gyeongsang","경상남도","창원시성산구","반송동","반송동","4812351000","경상남도 창원시성산구 반송동"
"gyeongsang","경상남도","창원시성산구","사파동","사파동","4812354000","경상남도 창원시성산구 사파동"
"gyeongsang","경상남도","창원시성산구","상남동","상남동","4812353000","경상남도 창원시성산구 상남동"
"gyeongsang","경상남도","창원시성산구","성주동","성주동","4812356000","경상남도 창원시성산구 성주동"
"gyeongsang","경상남도","창원시성산구","용지동","용지동","4812351500","경상남도 창원시성산구 용지동"
"gyeongsang","경상남도","창원시성산구","웅남동","웅남동","4812357000","경상남도 창원시성산구 웅남동"
"gyeongsang","경상남도","창원시성산구","중앙동","중앙동","4812352000","경상남도 창원시성산구 중앙동"
"gyeongsang","경상남도","창원시의창구","명곡동","명곡동","4812153000","경상남도 창원시의창구 명곡동"
"gyeongsang","경상남도","창원시의창구","봉림동","봉림동","4812154000","경상남도 창원시의창구 봉림동"
"gyeongsang","경상남도","창원시의창구","의창동","의창동","4812151000","경상남도 창원시의창구 의창동"
"gyeongsang","경상남도","창원시의창구","팔룡동","팔룡동","4812152000","경상남도 창원시의창구 팔룡동"
"gyeongsang","경상남도","창원시진해구","경화동","경화동","4812956000","경상남도 창원시진해구 경화동"
"gyeongsang","경상남도","창원시진해구","덕산동","덕산동","4812961000","경상남도 창원시진해구 덕산동"
"gyeongsang","경상남도","창원시진해구","병암동","병암동","4812957000","경상남도 창원시진해구 병암동"
"gyeongsang","경상남도","창원시진해구","석동","석동","4812958000","경상남도 창원시진해구 석동"
"gyeongsang","경상남도","창원시진해구","여좌동","여좌동","4812954000","경상남도 창원시진해구 여좌동"
"gyeongsang","경상남도","창원시진해구","웅동동","웅동1동, 웅동2동","4812964000","경상남도 창원시진해구 웅동1동"
"gyeongsang","경상남도","창원시진해구","웅천동","웅천동","4812963000","경상남도 창원시진해구 웅천동"
"gyeongsang","경상남도","창원시진해구","이동","이동","4812959000","경상남도 창원시진해구 이동"
"gyeongsang","경상남도","창원시진해구","자은동","자은동","4812960000","경상남도 창원시진해구 자은동"
"gyeongsang","경상남도","창원시진해구","충무동","충무동","4812953000","경상남도 창원시진해구 충무동"
"gyeongsang","경상남도","창원시진해구","태백동","태백동","4812955000","경상남도 창원시진해구 태백동"
"gyeongsang","경상남도","창원시진해구","풍호동","풍호동","4812962000","경상남도 창원시진해구 풍호동"
"gyeongsang","경상남도","통영시","도천동","도천동","4822051000","경상남도 통영시 도천동"
"gyeongsang","경상남도","통영시","명정동","명정동","4822053000","경상남도 통영시 명정동"
"gyeongsang","경상남도","통영시","무전동","무전동","4822070000","경상남도 통영시 무전동"
"gyeongsang","경상남도","통영시","미수동","미수동","4822066500","경상남도 통영시 미수동"
"gyeongsang","경상남도","통영시","봉평동","봉평동","4822067000","경상남도 통영시 봉평동"
"gyeongsang","경상남도","통영시","북신동","북신동","4822060000","경상남도 통영시 북신동"
"gyeongsang","경상남도","통영시","정량동","정량동","4822059000","경상남도 통영시 정량동"
"gyeongsang","경상남도","통영시","중앙동","중앙동","4822055000","경상남도 통영시 중앙동"
"gyeongsang","경상북도","포항시남구","대이동","대이동","4711159000","경상북도 포항시남구 대이동"
"gyeongsang","경상북도","포항시남구","상대동","상대동","4711152500","경상북도 포항시남구 상대동"
"gyeongsang","경상북도","포항시남구","송도동","송도동","4711155000","경상북도 포항시남구 송도동"
"gyeongsang","경상북도","포항시남구","제철동","제철동","4711157000","경상북도 포항시남구 제철동"
"gyeongsang","경상북도","포항시남구","청림동","청림동","4711156000","경상북도 포항시남구 청림동"
"gyeongsang","경상북도","포항시남구","해도동","해도동","4711154500","경상북도 포항시남구 해도동"
"gyeongsang","경상북도","포항시남구","효곡동","효곡동","4711158000","경상북도 포항시남구 효곡동"
"gyeongsang","경상북도","포항시북구","두호동","두호동","4711369000","경상북도 포항시북구 두호동"
"gyeongsang","경상북도","포항시북구","양학동","양학동","4711363000","경상북도 포항시북구 양학동"
"gyeongsang","경상북도","포항시북구","용흥동","용흥동","4711366500","경상북도 포항시북구 용흥동"
"gyeongsang","경상북도","포항시북구","우창동","우창동","4711368000","경상북도 포항시북구 우창동"
"gyeongsang","경상북도","포항시북구","장량동","장량동","4711370000","경상북도 포항시북구 장량동"
"gyeongsang","경상북도","포항시북구","죽도동","죽도동","4711365500","경상북도 포항시북구 죽도동"
"gyeongsang","경상북도","포항시북구","중앙동","중앙동","4711352000","경상북도 포항시북구 중앙동"
"gyeongsang","경상북도","포항시북구","환여동","환여동","4711371000","경상북도 포항시북구 환여동"
"incheon","인천광역시","계양구","계산동","계산1동, 계산2동, 계산3동, 계산4동","2824561100","인천광역시 계양구 계산1동"
"incheon","인천광역시","계양구","계양동","계양1동, 계양2동, 계양3동","2824571000","인천광역시 계양구 계양1동"
"incheon","인천광역시","계양구","작전동","작전1동, 작전2동","2824562100","인천광역시 계양구 작전1동"
"incheon","인천광역시","계양구","작전서운동","작전서운동","2824564000","인천광역시 계양구 작전서운동"
"incheon","인천광역시","계양구","효성동","효성1동, 효성2동","2824560100","인천광역시 계양구 효성1동"
"incheon","인천광역시","남동구","간석동","간석1동, 간석2동, 간석3동, 간석4동","2820053000","인천광역시 남동구 간석1동"
"incheon","인천광역시","남동구","구월동","구월1동, 구월2동, 구월3동, 구월4동","2820051000","인천광역시 남동구 구월1동"
"incheon","인천광역시","남동구","남촌도림동","남촌도림동","2820066000","인천광역시 남동구 남촌도림동"
"incheon","인천광역시","남동구","논현고잔동","논현고잔동","2820071000","인천광역시 남동구 논현고잔동"
"incheon","인천광역시","남동구","논현동","논현1동, 논현2동","2820069000","인천광역시 남동구 논현1동"
"incheon","인천광역시","남동구","만수동","만수1동, 만수2동, 만수3동, 만수4동, 만수5동, 만수6동","2820056000","인천광역시 남동구 만수1동"
"incheon","인천광역시","남동구","서창동","서창2동","2820065500","인천광역시 남동구 서창2동"
"incheon","인천광역시","남동구","장수서창동","장수서창동","2820065000","인천광역시 남동구 장수서창동"
"incheon","인천광역시","동구","금창동","금창동","2814064000","인천광역시 동구 금창동"
"incheon","인천광역시","동구","만석동","만석동","2814051000","인천광역시 동구 만석동"
"incheon","인천광역시","동구","송림동","송림1동, 송림2동, 송림3·5동, 송림4동, 송림6동","2814058000","인천광역시 동구 송림1동"
"incheon","인천광역시","동구","송현동","송현1·2동, 송현3동","2814055500","인천광역시 동구 송현1·2동"
"incheon","인천광역시","동구","화수1·화평동","화수1·화평동","2814052500","인천광역시 동구 화수1·화평동"
"incheon","인천광역시","동구","화수동","화수2동","2814053000","인천광역시 동구 화수2동"
"incheon","인천광역시","미추홀구","관교동","관교동","2817770000","인천광역시 미추홀구 관교동"
"incheon","인천광역시","미추홀구","도화동","도화1동, 도화2·3동","2817760000","인천광역시 미추홀구 도화1동"
"incheon","인천광역시","미추홀구","문학동","문학동","2817771000","인천광역시 미추홀구 문학동"
"incheon","인천광역시","미추홀구","숭의동","숭의1·3동, 숭의2동, 숭의4동","2817751000","인천광역시 미추홀구 숭의2동"
"incheon","인천광역시","미추홀구","용현동","용현1·4동, 용현2동, 용현3동, 용현5동","2817754000","인천광역시 미추홀구 용현1·4동"
"incheon","인천광역시","미추홀구","주안동","주안1동, 주안2동, 주안3동, 주안4동, 주안5동, 주안6동, 주안7동, 주안8동","2817762000","인천광역시 미추홀구 주안1동"
"incheon","인천광역시","미추홀구","학익동","학익1동, 학익2동","2817758000","인천광역시 미추홀구 학익1동"
"incheon","인천광역시","부평구","갈산동","갈산1동, 갈산2동","2823764100","인천광역시 부평구 갈산1동"
"incheon","인천광역시","부평구","부개동","부개1동, 부개2동, 부개3동","2823765000","인천광역시 부평구 부개1동"
"incheon","인천광역시","부평구","부평동","부평1동, 부평2동, 부평3동, 부평4동, 부평5동, 부평6동","2823751000","인천광역시 부평구 부평1동"
"incheon","인천광역시","부평구","산곡동","산곡1동, 산곡2동, 산곡3동, 산곡4동","2823757000","인천광역시 부평구 산곡1동"
"incheon","인천광역시","부평구","삼산동","삼산1동, 삼산2동","2823764600","인천광역시 부평구 삼산1동"
"incheon","인천광역시","부평구","십정동","십정1동, 십정2동","2823768000","인천광역시 부평구 십정1동"
"incheon","인천광역시","부평구","일신동","일신동","2823767000","인천광역시 부평구 일신동"
"incheon","인천광역시","부평구","청천동","청천1동, 청천2동","2823759100","인천광역시 부평구 청천1동"
"incheon","인천광역시","서구","가정동","가정1동, 가정2동, 가정3동","2826054200","인천광역시 서구 가정1동"
"incheon","인천광역시","서구","가좌동","가좌1동, 가좌2동, 가좌3동, 가좌4동","2826058000","인천광역시 서구 가좌1동"
"incheon","인천광역시","서구","검단동","검단동","2826068000","인천광역시 서구 검단동"
"incheon","인천광역시","서구","검암경서동","검암경서동","2826051500","인천광역시 서구 검암경서동"
"incheon","인천광역시","서구","당하동","당하동","2826071000","인천광역시 서구 당하동"
"incheon","인천광역시","서구","마전동","마전동","2826073000","인천광역시 서구 마전동"
"incheon","인천광역시","서구","불로대곡동","불로대곡동","2826069000","인천광역시 서구 불로대곡동"
"incheon","인천광역시","서구","석남동","석남1동, 석남2동, 석남3동","2826055000","인천광역시 서구 석남1동"
"incheon","인천광역시","서구","신현원창동","신현원창동","2826057500","인천광역시 서구 신현원창동"
"incheon","인천광역시","서구","아라동","아라1동, 아라2동","2826075000","인천광역시 서구 아라1동"
"incheon","인천광역시","서구","연희동","연희동","2826053000","인천광역시 서구 연희동"
"incheon","인천광역시","서구","오류왕길동","오류왕길동","2826072000","인천광역시 서구 오류왕길동"
"incheon","인천광역시","서구","원당동","원당동","2826070000","인천광역시 서구 원당동"
"incheon","인천광역시","서구","청라동","청라1동, 청라2동, 청라3동","2826053600","인천광역시 서구 청라1동"
"incheon","인천광역시","연수구","동춘동","동춘1동, 동춘2동, 동춘3동","2818578000","인천광역시 연수구 동춘1동"
"incheon","인천광역시","연수구","선학동","선학동","2818575000","인천광역시 연수구 선학동"
"incheon","인천광역시","연수구","송도동","송도1동, 송도2동, 송도3동, 송도4동, 송도5동","2818582000","인천광역시 연수구 송도1동"
"incheon","인천광역시","연수구","연수동","연수1동, 연수2동, 연수3동","2818576100","인천광역시 연수구 연수1동"
"incheon","인천광역시","연수구","옥련동","옥련1동, 옥련2동","2818563000","인천광역시 연수구 옥련1동"
"incheon","인천광역시","연수구","청학동","청학동","2818576600","인천광역시 연수구 청학동"
"incheon","인천광역시","중구","개항동","개항동","2811061500","인천광역시 중구 개항동"
"incheon","인천광역시","중구","도원동","도원동","2811056000","인천광역시 중구 도원동"
"incheon","인천광역시","중구","동인천동","동인천동","2811058500","인천광역시 중구 동인천동"
"incheon","인천광역시","중구","신포동","신포동","2811053000","인천광역시 중구 신포동"
"incheon","인천광역시","중구","신흥동","신흥동","2811054000","인천광역시 중구 신흥동"
"incheon","인천광역시","중구","연안동","연안동","2811052000","인천광역시 중구 연안동"
"incheon","인천광역시","중구","영종동","영종1동, 영종2동, 영종동","2811062000","인천광역시 중구 영종동"
"incheon","인천광역시","중구","용유동","용유동","2811063000","인천광역시 중구 용유동"
"incheon","인천광역시","중구","운서동","운서1동, 운서2동","2811063800","인천광역시 중구 운서1동"
"incheon","인천광역시","중구","율목동","율목동","2811057000","인천광역시 중구 율목동"
"seoul","서울특별시","강남구","개포동","개포1동, 개포2동, 개포3동, 개포4동","1168066000","서울특별시 강남구 개포1동"
"seoul","서울특별시","강남구","논현동","논현1동, 논현2동","1168052100","서울특별시 강남구 논현1동"
"seoul","서울특별시","강남구","대치동","대치1동, 대치2동, 대치4동","1168060000","서울특별시 강남구 대치1동"
"seoul","서울특별시","강남구","도곡동","도곡1동, 도곡2동","1168065500","서울특별시 강남구 도곡1동"
"seoul","서울특별시","강남구","삼성동","삼성1동, 삼성2동","1168058000","서울특별시 강남구 삼성1동"
"seoul","서울특별시","강남구","세곡동","세곡동","1168070000","서울특별시 강남구 세곡동"
"seoul","서울특별시","강남구","수서동","수서동","1168075000","서울특별시 강남구 수서동"
"seoul","서울특별시","강남구","신사동","신사동","1168051000","서울특별시 강남구 신사동"
"seoul","서울특별시","강남구","압구정동","압구정동","1168054500","서울특별시 강남구 압구정동"
"seoul","서울특별시","강남구","역삼동","역삼1동, 역삼2동","1168064000","서울특별시 강남구 역삼1동"
"seoul","서울특별시","강남구","일원동","일원1동","1168073000","서울특별시 강남구 일원1동"
"seoul","서울특별시","강남구","일원본동","일원본동","1168072000","서울특별시 강남구 일원본동"
"seoul","서울특별시","강남구","청담동","청담동","1168056500","서울특별시 강남구 청담동"
"seoul","서울특별시","강동구","강일동","강일동","1174051500","서울특별시 강동구 강일동"
"seoul","서울특별시","강동구","고덕동","고덕1동, 고덕2동","1174055000","서울특별시 강동구 고덕1동"
"seoul","서울특별시","강동구","길동","길동","1174068500","서울특별시 강동구 길동"
"seoul","서울특별시","강동구","둔촌동","둔촌1동, 둔촌2동","1174069000","서울특별시 강동구 둔촌1동"
"seoul","서울특별시","강동구","명일동","명일1동, 명일2동","1174053000","서울특별시 강동구 명일1동"
"seoul","서울특별시","강동구","상일동","상일제1동, 상일제2동","1174052500","서울특별시 강동구 상일제1동"
"seoul","서울특별시","강동구","성내동","성내1동, 성내2동, 성내3동","1174064000","서울특별시 강동구 성내1동"
"seoul","서울특별시","강동구","암사동","암사1동, 암사2동, 암사3동","1174057000","서울특별시 강동구 암사1동"
"seoul","서울특별시","강동구","천호동","천호1동, 천호2동, 천호3동","1174060000","서울특별시 강동구 천호1동"
"seoul","서울특별시","강북구","미아동","미아동","1130553500","서울특별시 강북구 미아동"
"seoul","서울특별시","강북구","번동","번1동, 번2동, 번3동","1130559500","서울특별시 강북구 번1동"
"seoul","서울특별시","강북구","삼각산동","삼각산동","1130557500","서울특별시 강북구 삼각산동"
"seoul","서울특별시","강북구","삼양동","삼양동","1130553400","서울특별시 강북구 삼양동"
"seoul","서울특별시","강북구","송중동","송중동","1130554500","서울특별시 강북구 송중동"
"seoul","서울특별시","강북구","송천동","송천동","1130555500","서울특별시 강북구 송천동"
"seoul","서울특별시","강북구","수유동","수유1동, 수유2동, 수유3동","1130561500","서울특별시 강북구 수유1동"
"seoul","서울특별시","강북구","우이동","우이동","1130564500","서울특별시 강북구 우이동"
"seoul","서울특별시","강북구","인수동","인수동","1130566000","서울특별시 강북구 인수동"
"seoul","서울특별시","강서구","가양동","가양1동, 가양2동, 가양3동","1150060300","서울특별시 강서구 가양1동"
"seoul","서울특별시","강서구","공항동","공항동","1150062000","서울특별시 강서구 공항동"
"seoul","서울특별시","강서구","등촌동","등촌1동, 등촌2동, 등촌3동","1150052000","서울특별시 강서구 등촌1동"
"seoul","서울특별시","강서구","발산동","발산1동","1150061100","서울특별시 강서구 발산1동"
"seoul","서울특별시","강서구","방화동","방화1동, 방화2동, 방화3동","1150063000","서울특별시 강서구 방화1동"
"seoul","서울특별시","강서구","염창동","염창동","1150051000","서울특별시 강서구 염창동"
"seoul","서울특별시","강서구","우장산동","우장산동","1150061500","서울특별시 강서구 우장산동"
"seoul","서울특별시","강서구","화곡동","화곡1동, 화곡2동, 화곡3동, 화곡4동, 화곡6동, 화곡8동","1150054000","서울특별시 강서구 화곡1동"
"seoul","서울특별시","강서구","화곡본동","화곡본동","1150059000","서울특별시 강서구 화곡본동"
"seoul","서울특별시","관악구","낙성대동","낙성대동","1162058500","서울특별시 관악구 낙성대동"
"seoul","서울특별시","관악구","난곡동","난곡동","1162077500","서울특별시 관악구 난곡동"
"seoul","서울특별시","관악구","난향동","난향동","1162071500","서울특별시 관악구 난향동"
"seoul","서울특별시","관악구","남현동","남현동","1162063000","서울특별시 관악구 남현동"
"seoul","서울특별시","관악구","대학동","대학동","1162073500","서울특별시 관악구 대학동"
"seoul","서울특별시","관악구","미성동","미성동","1162076500","서울특별시 관악구 미성동"
"seoul","서울특별시","관악구","보라매동","보라매동","1162052500","서울특별시 관악구 보라매동"
"seoul","서울특별시","관악구","삼성동","삼성동","1162074500","서울특별시 관악구 삼성동"
"seoul","서울특별시","관악구","서림동","서림동","1162066500","서울특별시 관악구 서림동"
"seoul","서울특별시","관악구","서원동","서원동","1162064500","서울특별시 관악구 서원동"
"seoul","서울특별시","관악구","성현동","성현동","1162056500","서울특별시 관악구 성현동"
"seoul","서울특별시","관악구","신림동","신림동","1162069500","서울특별시 관악구 신림동"
"seoul","서울특별시","관악구","신사동","신사동","1162068500","서울특별시 관악구 신사동"
"seoul","서울특별시","관악구","신원동","신원동","1162065500","서울특별시 관악구 신원동"
"seoul","서울특별시","관악구","은천동","은천동","1162060500","서울특별시 관악구 은천동"
"seoul","서울특별시","관악구","인헌동","인헌동","1162062500","서울특별시 관악구 인헌동"
"seoul","서울특별시","관악구","조원동","조원동","1162072500","서울특별시 관악구 조원동"
"seoul","서울특별시","관악구","중앙동","중앙동","1162061500","서울특별시 관악구 중앙동"
"seoul","서울특별시","관악구","청룡동","청룡동","1162059500","서울특별시 관악구 청룡동"
"seoul","서울특별시","관악구","청림동","청림동","1162054500","서울특별시 관악구 청림동"
"seoul","서울특별시","관악구","행운동","행운동","1162057500","서울특별시 관악구 행운동"
"seoul","서울특별시","광진구","광장동","광장동","1121581000","서울특별시 광진구 광장동"
"seoul","서울특별시","광진구","구의동","구의1동, 구의2동, 구의3동","1121585000","서울특별시 광진구 구의1동"
"seoul","서울특별시","광진구","군자동","군자동","1121573000","서울특별시 광진구 군자동"
"seoul","서울특별시","광진구","능동","능동","1121578000","서울특별시 광진구 능동"
"seoul","서울특별시","광진구","자양동","자양1동, 자양2동, 자양3동, 자양4동","1121582000","서울특별시 광진구 자양1동"
"seoul","서울특별시","광진구","중곡동","중곡1동, 중곡2동, 중곡3동, 중곡4동","1121574000","서울특별시 광진구 중곡1동"
"seoul","서울특별시","광진구","화양동","화양동","1121571000","서울특별시 광진구 화양동"
"seoul","서울특별시","구로구","가리봉동","가리봉동","1153059500","서울특별시 구로구 가리봉동"
"seoul","서울특별시","구로구","개봉동","개봉1동, 개봉2동, 개봉3동","1153074000","서울특별시 구로구 개봉1동"
"seoul","서울특별시","구로구","고척동","고척1동, 고척2동","1153072000","서울특별시 구로구 고척1동"
"seoul","서울특별시","구로구","구로동","구로1동, 구로2동, 구로3동, 구로4동, 구로5동","1153052000","서울특별시 구로구 구로1동"
"seoul","서울특별시","구로구","수궁동","수궁동","1153079000","서울특별시 구로구 수궁동"
"seoul","서울특별시","구로구","신도림동","신도림동","1153051000","서울특별시 구로구 신도림동"
"seoul","서울특별시","구로구","오류동","오류1동, 오류2동","1153077000","서울특별시 구로구 오류1동"
"seoul","서울특별시","구로구","항동","항동","1153080000","서울특별시 구로구 항동"
"seoul","서울특별시","금천구","가산동","가산동","1154551000","서울특별시 금천구 가산동"
"seoul","서울특별시","금천구","독산동","독산1동, 독산2동, 독산3동, 독산4동","1154561000","서울특별시 금천구 독산1동"
"seoul","서울특별시","금천구","시흥동","시흥1동, 시흥2동, 시흥3동, 시흥4동, 시흥5동","1154567000","서울특별시 금천구 시흥1동"
"seoul","서울특별시","노원구","공릉동","공릉1동, 공릉2동","1135059500","서울특별시 노원구 공릉1동"
"seoul","서울특별시","노원구","상계동","상계10동, 상계1동, 상계2동, 상계3·4동, 상계5동, 상계6·7동, 상계8동, 상계9동","1135063000","서울특별시 노원구 상계1동"
"seoul","서울특별시","노원구","월계동","월계1동, 월계2동, 월계3동","1135056000","서울특별시 노원구 월계1동"
"seoul","서울특별시","노원구","중계동","중계1동, 중계2·3동, 중계4동","1135062100","서울특별시 노원구 중계1동"
"seoul","서울특별시","노원구","중계본동","중계본동","1135061900","서울특별시 노원구 중계본동"
"seoul","서울특별시","노원구","하계동","하계1동, 하계2동","1135061100","서울특별시 노원구 하계1동"
"seoul","서울특별시","도봉구","도봉동","도봉1동, 도봉2동","1132052100","서울특별시 도봉구 도봉1동"
"seoul","서울특별시","도봉구","방학동","방학1동, 방학2동, 방학3동","1132069000","서울특별시 도봉구 방학1동"
"seoul","서울특별시","도봉구","쌍문동","쌍문1동, 쌍문2동, 쌍문3동, 쌍문4동","1132066000","서울특별시 도봉구 쌍문1동"
"seoul","서울특별시","도봉구","창동","창1동, 창2동, 창3동, 창4동, 창5동","1132051100","서울특별시 도봉구 창1동"
"seoul","서울특별시","동대문구","답십리동","답십리1동, 답십리2동","1123060000","서울특별시 동대문구 답십리1동"
"seoul","서울특별시","동대문구","신설동","신설동","1123051500","서울특별시 동대문구 신설동"
"seoul","서울특별시","동대문구","용두동","용두동","1123053300","서울특별시 동대문구 용두동"
"seoul","서울특별시","동대문구","이문동","이문1동, 이문2동","1123074000","서울특별시 동대문구 이문1동"
"seoul","서울특별시","동대문구","장안동","장안1동, 장안2동","1123065000","서울특별시 동대문구 장안1동"
"seoul","서울특별시","동대문구","전농동","전농1동, 전농2동","1123056000","서울특별시 동대문구 전농1동"
"seoul","서울특별시","동대문구","제기동","제기동","1123054500","서울특별시 동대문구 제기동"
"seoul","서울특별시","동대문구","청량리동","청량리동","1123070500","서울특별시 동대문구 청량리동"
"seoul","서울특별시","동대문구","회기동","회기동","1123071000","서울특별시 동대문구 회기동"
"seoul","서울특별시","동대문구","휘경동","휘경1동, 휘경2동","1123072000","서울특별시 동대문구 휘경1동"
"seoul","서울특별시","동작구","노량진동","노량진1동, 노량진2동","1159051000","서울특별시 동작구 노량진1동"
"seoul","서울특별시","동작구","대방동","대방동","1159066000","서울특별시 동작구 대방동"
"seoul","서울특별시","동작구","사당동","사당1동, 사당2동, 사당3동, 사당4동, 사당5동","1159062000","서울특별시 동작구 사당1동"
"seoul","서울특별시","동작구","상도동","상도1동, 상도2동, 상도3동, 상도4동","1159053000","서울특별시 동작구 상도1동"
"seoul","서울특별시","동작구","신대방동","신대방1동, 신대방2동","1159067000","서울특별시 동작구 신대방1동"
"seoul","서울특별시","동작구","흑석동","흑석동","1159060500","서울특별시 동작구 흑석동"
"seoul","서울특별시","마포구","공덕동","공덕동","1144056500","서울특별시 마포구 공덕동"
"seoul","서울특별시","마포구","대흥동","대흥동","1144060000","서울특별시 마포구 대흥동"
"seoul","서울특별시","마포구","도화동","도화동","1144058500","서울특별시 마포구 도화동"
"seoul","서울특별시","마포구","망원동","망원1동, 망원2동","1144069000","서울특별시 마포구 망원1동"
"seoul","서울특별시","마포구","상암동","상암동","1144074000","서울특별시 마포구 상암동"
"seoul","서울특별시","마포구","서강동","서강동","1144065500","서울특별시 마포구 서강동"
"seoul","서울특별시","마포구","서교동","서교동","1144066000","서울특별시 마포구 서교동"
"seoul","서울특별시","마포구","성산동","성산1동, 성산2동","1144072000","서울특별시 마포구 성산1동"
"seoul","서울특별시","마포구","신수동","신수동","1144063000","서울특별시 마포구 신수동"
"seoul","서울특별시","마포구","아현동","아현동","1144055500","서울특별시 마포구 아현동"
"seoul","서울특별시","마포구","연남동","연남동","1144071000","서울특별시 마포구 연남동"
"seoul","서울특별시","마포구","염리동","염리동","1144061000","서울특별시 마포구 염리동"
"seoul","서울특별시","마포구","용강동","용강동","1144059000","서울특별시 마포구 용강동"
"seoul","서울특별시","마포구","합정동","합정동","1144068000","서울특별시 마포구 합정동"
"seoul","서울특별시","서대문구","남가좌동","남가좌1동, 남가좌2동","1141069000","서울특별시 서대문구 남가좌1동"
"seoul","서울특별시","서대문구","북가좌동","북가좌1동, 북가좌2동","1141071000","서울특별시 서대문구 북가좌1동"
"seoul","서울특별시","서대문구","북아현동","북아현동","1141055500","서울특별시 서대문구 북아현동"
"seoul","서울특별시","서대문구","신촌동","신촌동","1141058500","서울특별시 서대문구 신촌동"
"seoul","서울특별시","서대문구","연희동","연희동","1141061500","서울특별시 서대문구 연희동"
"seoul","서울특별시","서대문구","천연동","천연동","1141052000","서울특별시 서대문구 천연동"
"seoul","서울특별시","서대문구","충현동","충현동","1141056500","서울특별시 서대문구 충현동"
"seoul","서울특별시","서대문구","홍동","홍제1동, 홍제2동, 홍제3동","1141062000","서울특별시 서대문구 홍제1동"
"seoul","서울특별시","서대문구","홍은동","홍은1동, 홍은2동","1141066000","서울특별시 서대문구 홍은1동"
"seoul","서울특별시","서초구","내곡동","내곡동","1165066000","서울특별시 서초구 내곡동"
"seoul","서울특별시","서초구","반포동","반포1동, 반포2동, 반포3동, 반포4동","1165056000","서울특별시 서초구 반포1동"
"seoul","서울특별시","서초구","반포본동","반포본동","1165055000","서울특별시 서초구 반포본동"
"seoul","서울특별시","서초구","방배동","방배1동, 방배2동, 방배3동, 방배4동","1165060000","서울특별시 서초구 방배1동"
"seoul","서울특별시","서초구","방배본동","방배본동","1165059000","서울특별시 서초구 방배본동"
"seoul","서울특별시","서초구","서초동","서초1동, 서초2동, 서초3동, 서초4동","1165051000","서울특별시 서초구 서초1동"
"seoul","서울특별시","서초구","양재동","양재1동, 양재2동","1165065100","서울특별시 서초구 양재1동"
"seoul","서울특별시","서초구","잠원동","잠원동","1165054000","서울특별시 서초구 잠원동"
"seoul","서울특별시","성동구","금호1가동","금호1가동","1120059000","서울특별시 성동구 금호1가동"
"seoul","서울특별시","성동구","금호2·3가동","금호2·3가동","1120061500","서울특별시 성동구 금호2·3가동"
"seoul","서울특별시","성동구","금호4가동","금호4가동","1120062000","서울특별시 성동구 금호4가동"
"seoul","서울특별시","성동구","마장동","마장동","1120054000","서울특별시 성동구 마장동"
"seoul","서울특별시","성동구","사근동","사근동","1120055000","서울특별시 성동구 사근동"
"seoul","서울특별시","성동구","성수1가동","성수1가1동, 성수1가2동","1120065000","서울특별시 성동구 성수1가1동"
"seoul","서울특별시","성동구","성수2가동","성수2가1동, 성수2가3동","1120067000","서울특별시 성동구 성수2가1동"
"seoul","서울특별시","성동구","송정동","송정동","1120072000","서울특별시 성동구 송정동"
"seoul","서울특별시","성동구","옥수동","옥수동","1120064500","서울특별시 성동구 옥수동"
"seoul","서울특별시","성동구","왕십리도선동","왕십리도선동","1120053500","서울특별시 성동구 왕십리도선동"
"seoul","서울특별시","성동구","왕십리동","왕십리2동","1120052000","서울특별시 성동구 왕십리2동"
"seoul","서울특별시","성동구","용답동","용답동","1120079000","서울특별시 성동구 용답동"
"seoul","서울특별시","성동구","응봉동","응봉동","1120058000","서울특별시 성동구 응봉동"
"seoul","서울특별시","성동구","행당동","행당1동, 행당2동","1120056000","서울특별시 성동구 행당1동"
"seoul","서울특별시","성북구","길음동","길음1동, 길음2동","1129066000","서울특별시 성북구 길음1동"
"seoul","서울특별시","성북구","돈암동","돈암1동, 돈암2동","1129058000","서울특별시 성북구 돈암1동"
"seoul","서울특별시","성북구","동선동","동선동","1129057500","서울특별시 성북구 동선동"
"seoul","서울특별시","성북구","보문동","보문동","1129061000","서울특별시 성북구 보문동"
"seoul","서울특별시","성북구","삼선동","삼선동","1129055500","서울특별시 성북구 삼선동"
"seoul","서울특별시","성북구","석관동","석관동","1129081000","서울특별시 성북구 석관동"
"seoul","서울특별시","성북구","성북동","성북동","1129052500","서울특별시 성북구 성북동"
"seoul","서울특별시","성북구","안암동","안암동","1129060000","서울특별시 성북구 안암동"
"seoul","서울특별시","성북구","월곡동","월곡1동, 월곡2동","1129071500","서울특별시 성북구 월곡1동"
"seoul","서울특별시","성북구","장위동","장위1동, 장위2동, 장위3동","1129076000","서울특별시 성북구 장위1동"
"seoul","서울특별시","성북구","정릉동","정릉1동, 정릉2동, 정릉3동, 정릉4동","1129062000","서울특별시 성북구 정릉1동"
"seoul","서울특별시","성북구","종암동","종암동","1129070500","서울특별시 성북구 종암동"
"seoul","서울특별시","송파구","가락동","가락1동, 가락2동","1171063100","서울특별시 송파구 가락1동"
"seoul","서울특별시","송파구","가락본동","가락본동","1171062000","서울특별시 송파구 가락본동"
"seoul","서울특별시","송파구","거여동","거여1동, 거여2동","1171053100","서울특별시 송파구 거여1동"
"seoul","서울특별시","송파구","마천동","마천1동, 마천2동","1171054000","서울특별시 송파구 마천1동"
"seoul","서울특별시","송파구","문정동","문정1동, 문정2동","1171064100","서울특별시 송파구 문정1동"
"seoul","서울특별시","송파구","방이동","방이1동, 방이2동","1171056100","서울특별시 송파구 방이1동"
"seoul","서울특별시","송파구","삼전동","삼전동","1171061000","서울특별시 송파구 삼전동"
"seoul","서울특별시","송파구","석촌동","석촌동","1171060000","서울특별시 송파구 석촌동"
"seoul","서울특별시","송파구","송파동","송파1동, 송파2동","1171058000","서울특별시 송파구 송파1동"
"seoul","서울특별시","송파구","오금동","오금동","1171057000","서울특별시 송파구 오금동"
"seoul","서울특별시","송파구","오륜동","오륜동","1171056600","서울특별시 송파구 오륜동"
"seoul","서울특별시","송파구","위례동","위례동","1171064700","서울특별시 송파구 위례동"
"seoul","서울특별시","송파구","잠실동","잠실2동, 잠실3동, 잠실4동, 잠실6동, 잠실7동","1171067000","서울특별시 송파구 잠실2동"
"seoul","서울특별시","송파구","잠실본동","잠실본동","1171065000","서울특별시 송파구 잠실본동"
"seoul","서울특별시","송파구","장지동","장지동","1171064600","서울특별시 송파구 장지동"
"seoul","서울특별시","송파구","풍납동","풍납1동, 풍납2동","1171051000","서울특별시 송파구 풍납1동"
"seoul","서울특별시","양천구","목동","목1동, 목2동, 목3동, 목4동, 목5동","1147051000","서울특별시 양천구 목1동"
"seoul","서울특별시","양천구","신월동","신월1동, 신월2동, 신월3동, 신월4동, 신월5동, 신월6동, 신월7동","1147056000","서울특별시 양천구 신월1동"
"seoul","서울특별시","양천구","신정동","신정1동, 신정2동, 신정3동, 신정4동, 신정6동, 신정7동","1147062000","서울특별시 양천구 신정1동"
"seoul","서울특별시","영등포구","당산동","당산1동, 당산2동","1156055000","서울특별시 영등포구 당산1동"
"seoul","서울특별시","영등포구","대림동","대림1동, 대림2동, 대림3동","1156070000","서울특별시 영등포구 대림1동"
"seoul","서울특별시","영등포구","도림동","도림동","1156058500","서울특별시 영등포구 도림동"
"seoul","서울특별시","영등포구","문래동","문래동","1156060500","서울특별시 영등포구 문래동"
"seoul","서울특별시","영등포구","신길동","신길1동, 신길3동, 신길4동, 신길5동, 신길6동, 신길7동","1156063000","서울특별시 영등포구 신길1동"
"seoul","서울특별시","영등포구","양평동","양평1동, 양평2동","1156061000","서울특별시 영등포구 양평1동"
"seoul","서울특별시","영등포구","여의동","여의동","1156054000","서울특별시 영등포구 여의동"
"seoul","서울특별시","영등포구","영등포동","영등포동","1156053500","서울특별시 영등포구 영등포동"
"seoul","서울특별시","영등포구","영등포본동","영등포본동","1156051500","서울특별시 영등포구 영등포본동"
"seoul","서울특별시","용산구","남영동","남영동","1117053000","서울특별시 용산구 남영동"
"seoul","서울특별시","용산구","보광동","보광동","1117070000","서울특별시 용산구 보광동"
"seoul","서울특별시","용산구","서빙고동","서빙고동","1117069000","서울특별시 용산구 서빙고동"
"seoul","서울특별시","용산구","용문동","용문동","1117059000","서울특별시 용산구 용문동"
"seoul","서울특별시","용산구","용산2가동","용산2가동","1117052000","서울특별시 용산구 용산2가동"
"seoul","서울특별시","용산구","원효로동","원효로1동, 원효로2동","1117056000","서울특별시 용산구 원효로1동"
"seoul","서울특별시","용산구","이촌동","이촌1동, 이촌2동","1117063000","서울특별시 용산구 이촌1동"
"seoul","서울특별시","용산구","이태원동","이태원1동, 이태원2동","1117065000","서울특별시 용산구 이태원1동"
"seoul","서울특별시","용산구","청파동","청파동","1117055500","서울특별시 용산구 청파동"
"seoul","서울특별시","용산구","한강로동","한강로동","1117062500","서울특별시 용산구 한강로동"
"seoul","서울특별시","용산구","한남동","한남동","1117068500","서울특별시 용산구 한남동"
"seoul","서울특별시","용산구","효창동","효창동","1117058000","서울특별시 용산구 효창동"
"seoul","서울특별시","용산구","후암동","후암동","1117051000","서울특별시 용산구 후암동"
"seoul","서울특별시","은평구","갈현동","갈현1동, 갈현2동","1138055100","서울특별시 은평구 갈현1동"
"seoul","서울특별시","은평구","구산동","구산동","1138056000","서울특별시 은평구 구산동"
"seoul","서울특별시","은평구","녹번동","녹번동","1138051000","서울특별시 은평구 녹번동"
"seoul","서울특별시","은평구","대조동","대조동","1138057000","서울특별시 은평구 대조동"
"seoul","서울특별시","은평구","불광동","불광1동, 불광2동","1138052000","서울특별시 은평구 불광1동"
"seoul","서울특별시","은평구","수색동","수색동","1138065000","서울특별시 은평구 수색동"
"seoul","서울특별시","은평구","신사동","신사1동, 신사2동","1138063100","서울특별시 은평구 신사1동"
"seoul","서울특별시","은평구","역촌동","역촌동","1138062500","서울특별시 은평구 역촌동"
"seoul","서울특별시","은평구","응암동","응암1동, 응암2동, 응암3동","1138058000","서울특별시 은평구 응암1동"
"seoul","서울특별시","은평구","증산동","증산동","1138064000","서울특별시 은평구 증산동"
"seoul","서울특별시","은평구","진관동","진관동","1138069000","서울특별시 은평구 진관동"
"seoul","서울특별시","종로구","가회동","가회동","1111060000","서울특별시 종로구 가회동"
"seoul","서울특별시","종로구","교남동","교남동","1111058000","서울특별시 종로구 교남동"
"seoul","서울특별시","종로구","무악동","무악동","1111057000","서울특별시 종로구 무악동"
"seoul","서울특별시","종로구","부암동","부암동","1111055000","서울특별시 종로구 부암동"
"seoul","서울특별시","종로구","사직동","사직동","1111053000","서울특별시 종로구 사직동"
"seoul","서울특별시","종로구","삼청동","삼청동","1111054000","서울특별시 종로구 삼청동"
"seoul","서울특별시","종로구","숭인동","숭인1동, 숭인2동","1111070000","서울특별시 종로구 숭인1동"
"seoul","서울특별시","종로구","이화동","이화동","1111064000","서울특별시 종로구 이화동"
"seoul","서울특별시","종로구","종로1·2·3·4가동","종로1·2·3·4가동","1111061500","서울특별시 종로구 종로1·2·3·4가동"
"seoul","서울특별시","종로구","종로5·6가동","종로5·6가동","1111063000","서울특별시 종로구 종로5·6가동"
"seoul","서울특별시","종로구","창신동","창신1동, 창신2동, 창신3동","1111067000","서울특별시 종로구 창신1동"
"seoul","서울특별시","종로구","청운효자동","청운효자동","1111051500","서울특별시 종로구 청운효자동"
"seoul","서울특별시","종로구","평창동","평창동","1111056000","서울특별시 종로구 평창동"
"seoul","서울특별시","종로구","혜화동","혜화동","1111065000","서울특별시 종로구 혜화동"
"seoul","서울특별시","중구","광희동","광희동","1114059000","서울특별시 중구 광희동"
"seoul","서울특별시","중구","다산동","다산동","1114062500","서울특별시 중구 다산동"
"seoul","서울특별시","중구","동화동","동화동","1114066500","서울특별시 중구 동화동"
"seoul","서울특별시","중구","명동","명동","1114055000","서울특별시 중구 명동"
"seoul","서울특별시","중구","소공동","소공동","1114052000","서울특별시 중구 소공동"
"seoul","서울특별시","중구","신당동","신당5동, 신당동","1114061500","서울특별시 중구 신당동"
"seoul","서울특별시","중구","약수동","약수동","1114063500","서울특별시 중구 약수동"
"seoul","서울특별시","중구","을지로동","을지로동","1114060500","서울특별시 중구 을지로동"
"seoul","서울특별시","중구","장충동","장충동","1114058000","서울특별시 중구 장충동"
"seoul","서울특별시","중구","중림동","중림동","1114068000","서울특별시 중구 중림동"
"seoul","서울특별시","중구","청구동","청구동","1114064500","서울특별시 중구 청구동"
"seoul","서울특별시","중구","필동","필동","1114057000","서울특별시 중구 필동"
"seoul","서울특별시","중구","황학동","황학동","1114067000","서울특별시 중구 황학동"
"seoul","서울특별시","중구","회현동","회현동","1114054000","서울특별시 중구 회현동"
"seoul","서울특별시","중랑구","망우동","망우3동","1126066000","서울특별시 중랑구 망우3동"
"seoul","서울특별시","중랑구","망우본동","망우본동","1126065500","서울특별시 중랑구 망우본동"
"seoul","서울특별시","중랑구","면목동","면목2동, 면목3·8동, 면목4동, 면목5동, 면목7동","1126052000","서울특별시 중랑구 면목2동"
"seoul","서울특별시","중랑구","면목본동","면목본동","1126056500","서울특별시 중랑구 면목본동"
"seoul","서울특별시","중랑구","묵동","묵1동, 묵2동","1126062000","서울특별시 중랑구 묵1동"
"seoul","서울특별시","중랑구","상봉동","상봉1동, 상봉2동","1126058000","서울특별시 중랑구 상봉1동"
"seoul","서울특별시","중랑구","신내동","신내1동, 신내2동","1126068000","서울특별시 중랑구 신내1동"
"seoul","서울특별시","중랑구","중화동","중화1동, 중화2동","1126060000","서울특별시 중랑구 중화1동"
